Time,Acromion Acceleration X,Acromion Acceleration Y,Acromion Acceleration Z,Acromion Angular Velocity,Epicondyle Acceleration X,Epicondyle Acceleration Y,Epicondyle Acceleration Z,Epicondyle Angular Velocity,
0.00.00,0.123,0.219,3.291,0.23739,2.6937,8.8649667,2.104454445,1.090390904,1.1193
0.00.01,0.125,0.218,3.12645,0.24125,2.725,8.51957625,2.05534777,1.064947031,1.1375
0.00.02,0.127,0.217,2.9701275,0.24511,2.7559,8.185374377,2.006317114,1.039542546,1.1557
0.00.03,0.129,0.216,2.821621125,0.24897,2.7864,7.862165103,1.957443246,1.014219298,1.1739
0.00.04,0.131,0.215,2.680540069,0.25283,2.8165,7.549741104,1.908801043,0.989016085,1.1921
0.00.05,0.133,0.214,2.546513065,0.25669,2.8462,7.247885486,1.860459726,0.96396877,1.2103
0.00.06,0.135,0.213,2.419187412,0.26055,2.8755,6.956373403,1.81248309,0.939110409,1.2285
0.00.07,0.137,0.212,2.298228041,0.26441,2.9044,6.674973524,1.764929749,0.914471373,1.2467
0.00.08,0.139,0.211,2.183316639,0.26827,2.9329,6.403449372,1.717853363,0.890079463,1.2649
0.00.09,0.141,0.21,2.074150807,0.27213,2.961,6.141560541,1.67130287,0.865960036,1.2831
0.00.10,0.142,0.21,2.074150807,0.24897,2.725,6.141560541,1.67130287,0.865960036,1.2831
0.00.11,0.143,0.21,2.074150807,0.24897,2.725,6.141560541,1.67130287,0.865960036,1.2831
0.00.12,0.143,0.21,2.074150807,0.24897,2.725,6.141560541,1.67130287,0.865960036,1.2831
0.00.13,0.143,0.21,2.074150807,0.24897,2.725,6.141560541,1.67130287,0.865960036,1.2831
0.00.14,0.143,0.21,2.074150807,0.24897,2.725,6.141560541,1.67130287,0.865960036,1.2831
0.00.15,0.143,0.21,2.074150807,0.24897,2.725,6.141560541,1.67130287,0.865960036,1.2831
0.00.16,0.143,0.21,2.074150807,0.24897,2.725,6.141560541,1.67130287,0.865960036,1.2831
0.00.17,0.141,0.21,2.074150807,0.24897,2.725,6.141560541,1.67130287,0.865960036,1.2831
0.00.18,0.141,0.21,2.074150807,0.24897,2.725,6.141560541,1.67130287,0.865960036,1.2831
0.00.19,0.141,0.21,2.074150807,0.24897,2.725,6.141560541,1.67130287,0.865960036,1.2831
0.00.20,0.141,0.21,2.074150807,0.24897,2.725,6.141560541,1.67130287,0.865960036,1.2831
0.00.21,0.141,0.21,2.074150807,0.24897,2.725,6.141560541,1.67130287,0.865960036,1.2831
0.00.22,0.141,0.21,2.074150807,0.24897,2.725,6.141560541,1.67130287,0.865960036,1.2831
0.00.23,0.141,0.21,2.074150807,0.24897,2.725,6.141560541,1.67130287,0.865960036,1.2831
0.00.24,0.141,0.21,2.074150807,0.24897,2.725,6.141560541,1.67130287,0.865960036,1.2831
0.00.25,0.127,0.21,2.074150807,0.24897,2.725,6.141560541,1.67130287,10,1.2831
0.00.26,0.127,0.21,2.074150807,0.24897,2.725,6.141560541,1.67130287,0.865960036,1.2831
0.00.27,0.127,0.21,2.074150807,0.24897,2.725,6.141560541,1.67130287,0.865960036,1.2831
0.00.28,0.127,0.21,2.074150807,0.24897,2.725,6.141560541,1.67130287,0.865960036,1.2831
0.00.29,0.127,0.21,2.074150807,0.24897,2.725,6.141560541,1.67130287,0.865960036,1.2831
0.00.30,0.127,0.21,2.074150807,0.24897,2.725,6.141560541,1.67130287,0.865960036,1.2831
0.00.31,0.127,0.21,2.074150807,0.24897,2.725,6.141560541,1.67130287,0.865960036,1.2831
0.00.32,0.127,0.21,2.074150807,0.24897,2.725,6.141560541,1.67130287,0.865960036,1.2831
0.00.33,0.127,0.21,2.074150807,0.24897,2.725,6.141560541,1.67130287,0.865960036,1.2831
0.00.34,0.127,0.21,2.074150807,0.24897,2.725,6.141560541,1.67130287,0.865960036,1.2831
0.00.35,0.127,0.21,2.074150807,0.24897,2.725,6.141560541,1.67130287,0.865960036,1.2831
0.00.36,0.127,0.21,2.074150807,0.24897,2.725,6.141560541,1.67130287,0.865960036,1.2831
0.00.37,0.127,0.21,2.074150807,0.24897,2.725,6.141560541,1.67130287,0.865960036,1.2831
0.00.38,0.127,0.21,2.074150807,0.24897,2.725,6.141560541,1.67130287,0.865960036,1.2831
0.00.39,0.127,0.21,2.074150807,0.24897,2.725,6.141560541,1.67130287,0.865960036,1.2831
0.00.40,0.127,0.21,2.074150807,0.24897,2.725,6.141560541,1.67130287,0.865960036,1.2831
0.00.41,0.127,0.21,2.074150807,0.24897,2.725,6.141560541,1.67130287,0.865960036,1.2831
0.00.42,0.127,0.21,2.074150807,0.24897,2.725,6.141560541,1.67130287,0.865960036,1.2831
0.00.43,0.127,0.21,2.074150807,0.24897,2.725,6.141560541,1.67130287,0.865960036,1.2831
0.00.44,0.127,0.21,2.074150807,0.24897,2.725,6.141560541,1.67130287,0.865960036,1.2831
0.00.45,0.127,0.21,2.074150807,0.24897,2.725,6.141560541,1.67130287,0.865960036,1.2831
0.00.46,0.127,0.21,2.074150807,0.24897,2.725,6.141560541,1.67130287,0.865960036,1.2831
0.00.47,0.127,0.21,2.074150807,0.24897,2.725,6.141560541,1.67130287,0.865960036,1.2831
0.00.48,0.127,0.21,2.074150807,0.24897,2.725,6.141560541,1.67130287,0.865960036,1.2831
0.00.49,0.127,0.21,2.074150807,0.24897,2.725,6.141560541,1.67130287,0.865960036,1.2831
0.00.50,0.127,0.21,2.074150807,0.24897,2.725,6.141560541,1.67130287,0.865960036,1.2831
0.00.51,0.127,0.21,2.074150807,0.24897,2.725,6.141560541,1.67130287,0.865960036,1.2831
0.00.52,0.127,0.21,2.074150807,0.24897,2.725,6.141560541,1.67130287,0.865960036,1.2831
0.00.53,0.127,0.21,2.074150807,0.24897,2.725,6.141560541,1.67130287,0.865960036,1.2831
0.00.54,0.127,0.21,2.074150807,0.24897,2.725,6.141560541,1.67130287,0.865960036,1.2831
0.00.55,0.127,0.21,2.074150807,0.24897,2.725,6.141560541,1.67130287,0.865960036,1.2831
0.00.56,0.127,0.21,2.074150807,0.24897,2.725,6.141560541,1.67130287,0.865960036,1.2831
0.00.57,0.127,0.21,2.074150807,0.24897,2.725,6.141560541,1.67130287,0.865960036,1.2831
0.00.58,0.127,0.21,2.074150807,0.24897,2.725,6.141560541,1.67130287,0.865960036,1.2831
0.00.59,0.127,0.21,2.074150807,0.24897,2.725,6.141560541,1.67130287,0.865960036,1.2831
0.00.60,0.127,0.21,2.074150807,0.24897,2.725,6.141560541,1.67130287,0.865960036,1.2831
0.00.61,0.127,0.21,2.074150807,0.24897,2.725,6.141560541,1.67130287,0.865960036,1.2831
0.00.62,0.127,0.21,2.074150807,0.24897,2.725,6.141560541,1.67130287,0.865960036,1.2831
0.00.63,0.127,0.21,2.074150807,0.24897,2.725,6.141560541,1.67130287,0.865960036,1.2831
0.00.64,0.127,0.21,2.074150807,0.24897,2.725,6.141560541,1.67130287,0.865960036,1.2831
0.00.65,0.127,0.21,2.074150807,0.24897,2.725,6.141560541,1.67130287,0.865960036,1.2831
0.00.66,0.127,0.21,2.074150807,0.24897,2.725,6.141560541,1.67130287,0.865960036,1.2831
0.00.67,0.127,0.21,2.074150807,0.24897,2.725,6.141560541,1.67130287,0.865960036,1.2831
0.00.68,0.127,0.21,2.074150807,0.24897,2.725,6.141560541,1.67130287,0.865960036,1.2831
0.00.69,0.127,0.21,2.074150807,0.24897,2.725,6.141560541,1.67130287,0.865960036,1.2831
0.00.70,0.127,0.21,2.074150807,0.24897,2.725,6.141560541,1.67130287,0.865960036,1.2831
0.00.71,0.127,0.21,2.074150807,0.24897,2.725,6.141560541,1.67130287,0.865960036,1.2831
0.00.72,0.127,0.21,2.074150807,0.24897,2.725,6.141560541,1.67130287,0.865960036,1.2831
0.00.73,0.127,0.21,2.074150807,0.24897,2.725,6.141560541,1.67130287,0.865960036,1.2831
0.00.74,0.127,0.21,2.074150807,0.24897,2.725,6.141560541,1.67130287,0.865960036,1.2831
0.00.75,0.127,0.21,2.074150807,0.24897,2.725,6.141560541,1.67130287,0.865960036,1.2831
0.00.76,0.127,0.21,2.074150807,0.24897,2.725,6.141560541,1.67130287,0.865960036,1.2831
0.00.77,0.127,0.21,2.074150807,0.24897,2.725,6.141560541,1.67130287,0.865960036,1.2831
0.00.78,0.127,0.21,2.074150807,0.24897,2.725,6.141560541,1.67130287,0.865960036,1.2831
0.00.79,0.127,0.21,2.074150807,0.24897,2.725,6.141560541,1.67130287,0.865960036,1.2831
0.00.80,0.127,0.21,2.074150807,0.24897,2.725,6.141560541,1.67130287,0.865960036,1.2831
0.00.81,0.127,0.21,2.074150807,0.24897,2.725,6.141560541,1.67130287,0.865960036,1.2831
0.00.82,0.127,0.21,2.074150807,0.24897,2.725,6.141560541,1.67130287,0.865960036,1.2831
0.00.83,0.127,0.21,2.074150807,0.24897,2.725,6.141560541,1.67130287,0.865960036,1.2831
0.00.84,0.127,0.21,2.074150807,0.24897,2.725,6.141560541,1.67130287,0.865960036,1.2831
0.00.85,0.127,0.21,2.074150807,0.24897,2.725,6.141560541,1.67130287,0.865960036,1.2831
0.00.86,0.127,0.21,2.074150807,0.24897,2.725,6.141560541,1.67130287,0.865960036,1.2831
0.00.87,0.127,0.21,2.074150807,0.24897,2.725,6.141560541,1.67130287,0.865960036,1.2831
0.00.88,0.127,0.21,2.074150807,0.24897,2.725,6.141560541,1.67130287,0.865960036,1.2831
0.00.89,0.127,0.21,2.074150807,0.24897,2.725,6.141560541,1.67130287,0.865960036,1.2831
0.00.90,0.127,0.21,2.074150807,0.24897,2.725,6.141560541,1.67130287,0.865960036,1.2831
0.00.91,0.127,0.21,2.074150807,0.24897,2.725,6.141560541,1.67130287,0.865960036,1.2831
0.00.92,0.127,0.21,2.074150807,0.24897,2.725,6.141560541,1.67130287,0.865960036,1.2831
0.00.93,0.127,0.21,2.074150807,0.24897,2.725,6.141560541,1.67130287,0.865960036,1.2831
0.00.94,0.127,0.21,2.074150807,0.24897,2.725,6.141560541,1.67130287,0.865960036,1.2831
0.00.95,0.127,0.21,2.074150807,0.24897,2.725,6.141560541,1.67130287,0.865960036,1.2831
0.00.96,0.127,0.21,2.074150807,0.24897,2.725,6.141560541,1.67130287,0.865960036,1.2831
0.00.97,0.127,0.21,2.074150807,0.24897,2.725,6.141560541,1.67130287,0.865960036,1.2831
0.00.98,0.127,0.21,2.074150807,0.24897,2.725,6.141560541,1.67130287,0.865960036,1.2831
0.00.99,0.127,0.21,2.074150807,0.24897,2.725,6.141560541,1.67130287,0.865960036,1.2831
0.01.00,0.127,0.21,2.074150807,0.24897,2.725,6.141560541,1.67130287,0.865960036,1.2831
0.01.01,0.127,0.21,2.074150807,0.24897,2.725,6.141560541,1.67130287,0.865960036,1.2831
0.01.02,0.127,0.21,2.074150807,0.24897,2.725,6.141560541,1.67130287,0.865960036,1.2831
0.01.03,0.127,0.21,2.074150807,0.24897,2.725,6.141560541,1.67130287,0.865960036,1.2831
0.01.04,0.127,0.21,2.074150807,0.24897,2.725,6.141560541,1.67130287,0.865960036,1.2831
0.01.05,0.127,0.21,2.074150807,0.24897,2.725,6.141560541,1.67130287,0.865960036,1.2831
0.01.06,0.127,0.21,2.074150807,0.24897,2.725,6.141560541,1.67130287,0.865960036,1.2831
0.01.07,0.127,0.21,2.074150807,0.24897,2.725,6.141560541,1.67130287,0.865960036,1.2831
0.01.08,0.127,0.21,2.074150807,0.24897,2.725,6.141560541,1.67130287,0.865960036,1.2831
0.01.09,0.127,0.21,2.074150807,0.24897,2.725,6.141560541,1.67130287,0.865960036,1.2831
0.01.10,0.127,0.21,2.074150807,0.24897,2.725,6.141560541,1.67130287,0.865960036,1.2831
0.01.11,0.127,0.21,2.074150807,0.24897,2.725,6.141560541,1.67130287,0.865960036,1.2831
0.01.12,0.127,0.21,2.074150807,0.24897,2.725,6.141560541,1.67130287,0.865960036,1.2831
0.01.13,0.127,0.21,2.074150807,0.24897,2.725,6.141560541,1.67130287,0.865960036,1.2831
0.01.14,0.127,0.21,2.074150807,0.24897,2.725,6.141560541,1.67130287,0.865960036,1.2831
0.01.15,0.127,0.21,2.074150807,0.24897,2.725,6.141560541,1.67130287,0.865960036,1.2831
0.01.16,0.127,0.21,2.074150807,0.24897,2.725,6.141560541,1.67130287,0.865960036,1.2831
0.01.17,0.127,0.21,2.074150807,0.24897,2.725,6.141560541,1.67130287,0.865960036,1.2831
0.01.18,0.127,0.21,2.074150807,0.24897,2.725,6.141560541,1.67130287,0.865960036,1.2831
0.01.19,0.127,0.21,2.074150807,0.24897,2.725,6.141560541,1.67130287,0.865960036,1.2831
0.01.20,0.127,0.21,2.074150807,0.24897,2.725,6.141560541,1.67130287,0.865960036,1.2831
0.01.21,0.127,0.21,2.074150807,0.24897,2.725,6.141560541,1.67130287,0.865960036,1.2831
0.01.22,0.127,0.21,2.074150807,0.24897,2.725,6.141560541,1.67130287,0.865960036,1.2831
0.01.23,0.127,0.21,2.074150807,0.24897,2.725,6.141560541,1.67130287,0.865960036,1.2831
0.01.24,0.127,0.21,2.074150807,0.24897,2.725,6.141560541,1.67130287,0.865960036,1.2831
0.01.25,0.127,0.21,2.074150807,0.24897,2.725,6.141560541,1.67130287,0.865960036,1.2831
0.01.26,0.127,0.21,2.074150807,0.24897,2.725,6.141560541,1.67130287,0.865960036,1.2831
0.01.27,0.127,0.21,2.074150807,0.24897,2.725,6.141560541,1.67130287,0.865960036,1.2831
0.01.28,0.127,0.21,2.074150807,0.24897,2.725,6.141560541,1.67130287,0.865960036,1.2831
0.01.29,0.127,0.21,2.074150807,0.24897,2.725,6.141560541,1.67130287,0.865960036,1.2831
0.01.30,0.127,0.21,2.074150807,0.24897,2.725,6.141560541,1.67130287,0.865960036,1.2831
0.01.31,0.127,0.21,2.074150807,0.24897,2.725,6.141560541,1.67130287,0.865960036,1.2831
0.01.32,0.127,0.21,2.074150807,0.24897,2.725,6.141560541,1.67130287,0.865960036,1.2831
0.01.33,0.127,0.21,2.074150807,0.24897,2.725,6.141560541,1.67130287,0.865960036,1.2831
0.01.34,0.127,0.21,2.074150807,0.24897,2.725,6.141560541,1.67130287,0.865960036,1.2831
0.01.35,0.127,0.21,2.074150807,0.24897,2.725,6.141560541,1.67130287,0.865960036,1.2831
0.01.36,0.127,0.21,2.074150807,0.24897,2.725,6.141560541,1.67130287,0.865960036,1.2831
0.01.37,0.127,0.21,2.074150807,0.24897,2.725,6.141560541,1.67130287,0.865960036,1.2831
0.01.38,0.127,0.21,2.074150807,0.24897,2.725,6.141560541,1.67130287,0.865960036,1.2831
0.01.39,0.127,0.21,2.074150807,0.24897,2.725,6.141560541,1.67130287,0.865960036,1.2831
0.01.40,0.127,0.21,2.074150807,0.24897,2.725,6.141560541,1.67130287,0.865960036,1.2831
0.01.41,0.127,0.21,2.074150807,0.24897,2.725,6.141560541,1.67130287,0.865960036,1.2831
0.01.42,0.127,0.21,2.074150807,0.24897,2.725,6.141560541,1.67130287,0.865960036,1.2831
0.01.43,0.127,0.21,2.074150807,0.24897,2.725,6.141560541,1.67130287,0.865960036,1.2831
0.01.44,0.127,0.21,2.074150807,0.24897,2.725,6.141560541,1.67130287,0.865960036,1.2831
0.01.45,0.127,0.21,2.074150807,0.24897,2.725,6.141560541,1.67130287,0.865960036,1.2831
0.01.46,0.127,0.21,2.074150807,0.24897,2.725,6.141560541,1.67130287,0.865960036,1.2831
0.01.47,0.127,0.21,2.074150807,0.24897,2.725,6.141560541,1.67130287,0.865960036,1.2831
0.01.48,0.127,0.21,2.074150807,0.24897,2.725,6.141560541,1.67130287,0.865960036,1.2831
0.01.49,0.127,0.21,2.074150807,0.24897,2.725,6.141560541,1.67130287,0.865960036,1.2831
0.01.50,0.127,0.21,2.074150807,0.24897,2.725,6.141560541,1.67130287,0.865960036,1.2831
0.01.51,0.127,0.21,2.074150807,0.24897,2.725,6.141560541,1.67130287,0.865960036,1.2831
0.01.52,0.127,0.21,2.074150807,0.24897,2.725,6.141560541,1.67130287,0.865960036,1.2831
0.01.53,0.127,0.21,2.074150807,0.24897,2.725,6.141560541,1.67130287,0.865960036,1.2831
0.01.54,0.127,0.21,2.074150807,0.24897,2.725,6.141560541,1.67130287,0.865960036,1.2831
0.01.55,0.127,0.21,2.074150807,0.24897,2.725,6.141560541,1.67130287,0.865960036,1.2831
0.01.56,0.127,0.21,2.074150807,0.24897,2.725,6.141560541,1.67130287,0.865960036,1.2831
0.01.57,0.127,0.21,2.074150807,0.24897,2.725,6.141560541,1.67130287,0.865960036,1.2831
0.01.58,0.127,0.21,2.074150807,0.24897,2.725,6.141560541,1.67130287,0.865960036,1.2831
0.01.59,0.127,0.21,2.074150807,0.24897,2.725,6.141560541,1.67130287,0.865960036,1.2831
0.01.60,0.127,0.21,2.074150807,0.24897,2.725,6.141560541,1.67130287,0.865960036,1.2831
0.01.61,0.127,0.21,2.074150807,0.24897,2.725,6.141560541,1.67130287,0.865960036,1.2831
0.01.62,0.127,0.21,2.074150807,0.24897,2.725,6.141560541,1.67130287,0.865960036,1.2831
0.01.63,0.127,0.21,2.074150807,0.24897,2.725,6.141560541,1.67130287,0.865960036,1.2831
0.01.64,0.127,0.21,2.074150807,0.24897,2.725,6.141560541,1.67130287,0.865960036,1.2831
0.01.65,0.127,0.21,2.074150807,0.24897,2.725,6.141560541,1.67130287,0.865960036,1.2831
0.01.66,0.127,0.21,2.074150807,0.24897,2.725,6.141560541,1.67130287,0.865960036,1.2831
0.01.67,0.127,0.21,2.074150807,0.24897,2.725,6.141560541,1.67130287,0.865960036,1.2831
0.01.68,0.127,0.21,2.074150807,0.24897,2.725,6.141560541,1.67130287,0.865960036,1.2831
0.01.69,0.127,0.21,2.074150807,0.24897,2.725,6.141560541,1.67130287,0.865960036,1.2831
0.01.70,0.127,0.21,2.074150807,0.24897,2.725,6.141560541,1.67130287,0.865960036,1.2831
0.01.71,0.127,0.21,2.074150807,0.24897,2.725,6.141560541,1.67130287,0.865960036,1.2831
0.01.72,0.127,0.21,2.074150807,0.24897,2.725,6.141560541,1.67130287,0.865960036,1.2831
0.01.73,0.127,0.21,2.074150807,0.24897,2.725,6.141560541,1.67130287,0.865960036,1.2831
0.01.74,0.127,0.21,2.074150807,0.24897,2.725,6.141560541,1.67130287,0.865960036,1.2831
0.01.75,0.127,0.21,2.074150807,0.24897,2.725,6.141560541,1.67130287,0.865960036,1.2831
0.01.76,0.127,0.21,2.074150807,0.24897,2.725,6.141560541,1.67130287,0.865960036,1.2831
0.01.77,0.127,0.21,2.074150807,0.24897,2.725,6.141560541,1.67130287,0.865960036,1.2831
0.01.78,0.127,0.21,2.074150807,0.24897,2.725,6.141560541,1.67130287,0.865960036,1.2831
0.01.79,0.127,0.21,2.074150807,0.24897,2.725,6.141560541,1.67130287,0.865960036,1.2831
0.01.80,0.127,0.21,2.074150807,0.24897,2.725,6.141560541,1.67130287,0.865960036,1.2831
0.01.81,0.127,0.21,2.074150807,0.24897,2.725,6.141560541,1.67130287,0.865960036,1.2831
0.01.82,0.127,0.21,2.074150807,0.24897,2.725,6.141560541,1.67130287,0.865960036,1.2831
0.01.83,0.127,0.21,2.074150807,0.24897,2.725,6.141560541,1.67130287,0.865960036,1.2831
0.01.84,0.127,0.21,2.074150807,0.24897,2.725,6.141560541,1.67130287,0.865960036,1.2831
0.01.85,0.127,0.21,2.074150807,0.24897,2.725,6.141560541,1.67130287,0.865960036,1.2831
0.01.86,0.127,0.21,2.074150807,0.24897,2.725,6.141560541,1.67130287,0.865960036,1.2831
0.01.87,0.127,0.21,2.074150807,0.24897,2.725,6.141560541,1.67130287,0.865960036,1.2831
0.01.88,0.127,0.21,2.074150807,0.24897,2.725,6.141560541,1.67130287,0.865960036,1.2831
0.01.89,0.127,0.21,2.074150807,0.24897,2.725,6.141560541,1.67130287,0.865960036,1.2831
0.01.90,0.127,0.21,2.074150807,0.24897,2.725,6.141560541,1.67130287,0.865960036,1.2831
0.01.91,0.127,0.21,2.074150807,0.24897,2.725,6.141560541,1.67130287,0.865960036,1.2831
0.01.92,0.127,0.21,2.074150807,0.24897,2.725,6.141560541,1.67130287,0.865960036,1.2831
0.01.93,0.127,0.21,2.074150807,0.24897,2.725,6.141560541,1.67130287,0.865960036,1.2831
0.01.94,0.127,0.21,2.074150807,0.24897,2.725,6.141560541,1.67130287,0.865960036,1.2831
0.01.95,0.127,0.21,2.074150807,0.24897,2.725,6.141560541,1.67130287,0.865960036,1.2831
0.01.96,0.127,0.21,2.074150807,0.24897,2.725,6.141560541,1.67130287,0.865960036,1.2831
0.01.97,0.127,0.21,2.074150807,0.24897,2.725,6.141560541,1.67130287,0.865960036,1.2831
0.01.98,0.127,0.21,2.074150807,0.24897,2.725,6.141560541,1.67130287,0.865960036,1.2831
0.01.99,0.127,0.21,2.074150807,0.24897,2.725,6.141560541,1.67130287,0.865960036,1.2831
0.02.00,0.127,0.21,2.074150807,0.24897,2.725,6.141560541,1.67130287,10,1.2831
0.02.01,0.127,0.21,2.074150807,0.24897,2.725,6.141560541,1.67130287,0.865960036,1.2831
0.02.02,0.127,0.21,2.074150807,0.24897,2.725,6.141560541,1.67130287,0.865960036,1.2831
0.02.03,0.127,0.21,2.074150807,0.24897,2.725,6.141560541,1.67130287,0.865960036,1.2831
0.02.04,0.127,0.21,2.074150807,0.24897,2.725,6.141560541,1.67130287,0.865960036,1.2831
0.02.05,0.127,0.21,2.074150807,0.24897,2.725,6.141560541,1.67130287,0.865960036,1.2831
0.02.06,0.127,0.21,2.074150807,0.24897,2.725,6.141560541,1.67130287,0.865960036,1.2831
0.02.07,0.127,0.21,2.074150807,0.24897,2.725,6.141560541,1.67130287,0.865960036,1.2831
0.02.08,0.127,0.21,2.074150807,0.24897,2.725,6.141560541,1.67130287,0.865960036,1.2831
0.02.09,0.127,0.21,2.074150807,0.24897,2.725,6.141560541,1.67130287,0.865960036,1.2831
0.02.10,0.127,0.21,2.074150807,0.24897,2.725,6.141560541,1.67130287,0.865960036,1.2831
0.02.11,0.127,0.21,2.074150807,0.24897,2.725,6.141560541,1.67130287,0.865960036,1.2831
0.02.12,0.127,0.21,2.074150807,0.24897,2.725,6.141560541,1.67130287,0.865960036,1.2831
0.02.13,0.127,0.21,2.074150807,0.24897,2.725,6.141560541,1.67130287,0.865960036,1.2831
0.02.14,0.127,0.21,2.074150807,0.24897,2.725,6.141560541,1.67130287,0.865960036,1.2831
0.02.15,0.127,0.21,2.074150807,0.24897,2.725,6.141560541,1.67130287,0.865960036,1.2831
0.02.16,0.127,0.21,2.074150807,0.24897,2.725,6.141560541,1.67130287,0.865960036,1.2831
0.02.17,0.127,0.21,2.074150807,0.24897,2.725,6.141560541,1.67130287,0.865960036,1.2831
0.02.18,0.127,0.21,2.074150807,0.24897,2.725,6.141560541,1.67130287,0.865960036,1.2831
0.02.19,0.127,0.21,2.074150807,0.24897,2.725,6.141560541,1.67130287,0.865960036,1.2831
0.02.20,0.127,0.21,2.074150807,0.24897,2.725,6.141560541,1.67130287,0.865960036,1.2831
0.02.21,0.127,0.21,2.074150807,0.24897,2.725,6.141560541,1.67130287,0.865960036,1.2831
0.02.22,0.127,0.21,2.074150807,0.24897,2.725,6.141560541,1.67130287,0.865960036,1.2831
0.02.23,0.127,0.21,2.074150807,0.24897,2.725,6.141560541,1.67130287,0.865960036,1.2831
0.02.24,0.127,0.21,2.074150807,0.24897,2.725,6.141560541,1.67130287,0.865960036,1.2831
0.02.25,0.127,0.21,2.074150807,0.24897,2.725,6.141560541,1.67130287,0.865960036,1.2831
0.02.26,0.127,0.21,2.074150807,0.24897,2.725,6.141560541,1.67130287,0.865960036,1.2831
0.02.27,0.127,0.21,2.074150807,0.24897,2.725,6.141560541,1.67130287,0.865960036,1.2831
0.02.28,0.127,0.21,2.074150807,0.24897,2.725,6.141560541,1.67130287,0.865960036,1.2831
0.02.29,0.127,0.21,2.074150807,0.24897,2.725,6.141560541,1.67130287,0.865960036,1.2831
0.02.30,0.127,0.21,2.074150807,0.24897,2.725,6.141560541,1.67130287,0.865960036,1.2831
0.02.31,0.127,0.21,2.074150807,0.24897,2.725,6.141560541,1.67130287,0.865960036,1.2831
0.02.32,0.127,0.21,2.074150807,0.24897,2.725,6.141560541,1.67130287,0.865960036,1.2831
0.02.33,0.127,0.21,2.074150807,0.24897,2.725,6.141560541,1.67130287,0.865960036,1.2831
0.02.34,0.127,0.21,2.074150807,0.24897,2.725,6.141560541,1.67130287,0.865960036,1.2831
0.02.35,0.127,0.21,2.074150807,0.24897,2.725,6.141560541,1.67130287,0.865960036,1.2831
0.02.36,0.127,0.21,2.074150807,0.24897,2.725,6.141560541,1.67130287,0.865960036,1.2831
0.02.37,0.127,0.21,2.074150807,0.24897,2.725,6.141560541,1.67130287,0.865960036,1.2831
0.02.38,0.127,0.21,2.074150807,0.24897,2.725,6.141560541,1.67130287,0.865960036,1.2831
0.02.39,0.127,0.21,2.074150807,0.24897,2.725,6.141560541,1.67130287,0.865960036,1.2831
0.02.40,0.127,0.21,2.074150807,0.24897,2.725,6.141560541,1.67130287,0.865960036,1.2831
0.02.41,0.127,0.21,2.074150807,0.24897,2.725,6.141560541,1.67130287,0.865960036,1.2831
0.02.42,0.127,0.21,2.074150807,0.24897,2.725,6.141560541,1.67130287,0.865960036,1.2831
0.02.43,0.127,0.21,2.074150807,0.24897,2.725,6.141560541,1.67130287,0.865960036,1.2831
0.02.44,0.127,0.21,2.074150807,0.24897,2.725,6.141560541,1.67130287,0.865960036,1.2831
0.02.45,0.127,0.21,2.074150807,0.24897,2.725,6.141560541,1.67130287,0.865960036,1.2831
0.02.46,0.127,0.21,2.074150807,0.24897,2.725,6.141560541,1.67130287,0.865960036,1.2831
0.02.47,0.127,0.21,2.074150807,0.24897,2.725,6.141560541,1.67130287,0.865960036,1.2831
0.02.48,0.127,0.21,2.074150807,0.24897,2.725,6.141560541,1.67130287,0.865960036,1.2831
0.02.49,0.127,0.21,2.074150807,0.24897,2.725,6.141560541,1.67130287,0.865960036,1.2831
0.02.50,0.127,0.21,2.074150807,0.24897,2.725,6.141560541,1.67130287,0.865960036,1.2831
0.02.51,0.127,0.21,2.074150807,0.24897,2.725,6.141560541,1.67130287,0.865960036,1.2831
0.02.52,0.127,0.21,2.074150807,0.24897,2.725,6.141560541,1.67130287,0.865960036,1.2831
0.02.53,0.127,0.21,2.074150807,0.24897,2.725,6.141560541,1.67130287,0.865960036,1.2831
0.02.54,0.127,0.21,2.074150807,0.24897,2.725,6.141560541,1.67130287,0.865960036,1.2831
0.02.55,0.127,0.21,2.074150807,0.24897,2.725,6.141560541,1.67130287,0.865960036,1.2831
0.02.56,0.127,0.21,2.074150807,0.24897,2.725,6.141560541,1.67130287,0.865960036,1.2831
0.02.57,0.127,0.21,2.074150807,0.24897,2.725,6.141560541,1.67130287,0.865960036,1.2831
0.02.58,0.127,0.21,2.074150807,0.24897,2.725,6.141560541,1.67130287,0.865960036,1.2831
0.02.59,0.127,0.21,2.074150807,0.24897,2.725,6.141560541,1.67130287,0.865960036,1.2831
0.02.60,0.127,0.21,2.074150807,0.24897,2.725,6.141560541,1.67130287,0.865960036,1.2831
0.02.61,0.127,0.21,2.074150807,0.24897,2.725,6.141560541,1.67130287,0.865960036,1.2831
0.02.62,0.127,0.21,2.074150807,0.24897,2.725,6.141560541,1.67130287,0.865960036,1.2831
0.02.63,0.127,0.21,2.074150807,0.24897,2.725,6.141560541,1.67130287,0.865960036,1.2831
0.02.64,0.127,0.21,2.074150807,0.24897,2.725,6.141560541,1.67130287,0.865960036,1.2831
0.02.65,0.127,0.21,2.074150807,0.24897,2.725,6.141560541,1.67130287,0.865960036,1.2831
0.02.66,0.127,0.21,2.074150807,0.24897,2.725,6.141560541,1.67130287,0.865960036,1.2831
0.02.67,0.127,0.21,2.074150807,0.24897,2.725,6.141560541,1.67130287,0.865960036,1.2831
0.02.68,0.127,0.21,2.074150807,0.24897,2.725,6.141560541,1.67130287,0.865960036,1.2831
0.02.69,0.127,0.21,2.074150807,0.24897,2.725,6.141560541,1.67130287,0.865960036,1.2831
0.02.70,0.127,0.21,2.074150807,0.24897,2.725,6.141560541,1.67130287,0.865960036,1.2831
0.02.71,0.127,0.21,2.074150807,0.24897,2.725,6.141560541,1.67130287,0.865960036,1.2831
0.02.72,0.127,0.21,2.074150807,0.24897,2.725,6.141560541,1.67130287,0.865960036,1.2831
0.02.73,0.127,0.21,2.074150807,0.24897,2.725,6.141560541,1.67130287,0.865960036,1.2831
0.02.74,0.127,0.21,2.074150807,0.24897,2.725,6.141560541,1.67130287,0.865960036,1.2831
0.02.75,0.127,0.21,2.074150807,0.24897,2.725,6.141560541,1.67130287,0.865960036,1.2831
0.02.76,0.127,0.21,2.074150807,0.24897,2.725,6.141560541,1.67130287,0.865960036,1.2831
0.02.77,0.127,0.21,2.074150807,0.24897,2.725,6.141560541,1.67130287,0.865960036,1.2831
0.02.78,0.127,0.21,2.074150807,0.24897,2.725,6.141560541,1.67130287,0.865960036,1.2831
0.02.79,0.127,0.21,2.074150807,0.24897,2.725,6.141560541,1.67130287,0.865960036,1.2831
0.02.80,0.127,0.21,2.074150807,0.24897,2.725,6.141560541,1.67130287,0.865960036,1.2831
0.02.81,0.127,0.21,2.074150807,0.24897,2.725,6.141560541,1.67130287,0.865960036,1.2831
0.02.82,0.127,0.21,2.074150807,0.24897,2.725,6.141560541,1.67130287,0.865960036,1.2831
0.02.83,0.127,0.21,2.074150807,0.24897,2.725,6.141560541,1.67130287,0.865960036,1.2831
0.02.84,0.127,0.21,2.074150807,0.24897,2.725,6.141560541,1.67130287,0.865960036,1.2831
0.02.85,0.127,0.21,2.074150807,0.24897,2.725,6.141560541,1.67130287,0.865960036,1.2831
0.02.86,0.127,0.21,2.074150807,0.24897,2.725,6.141560541,1.67130287,0.865960036,1.2831
0.02.87,0.127,0.21,2.074150807,0.24897,2.725,6.141560541,1.67130287,0.865960036,1.2831
0.02.88,0.127,0.21,2.074150807,0.24897,2.725,6.141560541,1.67130287,0.865960036,1.2831
0.02.89,0.127,0.21,2.074150807,0.24897,2.725,6.141560541,1.67130287,0.865960036,1.2831
0.02.90,0.127,0.21,2.074150807,0.24897,2.725,6.141560541,1.67130287,0.865960036,1.2831
0.02.91,0.127,0.21,2.074150807,0.24897,2.725,6.141560541,1.67130287,0.865960036,1.2831
0.02.92,0.127,0.21,2.074150807,0.24897,2.725,6.141560541,1.67130287,0.865960036,1.2831
0.02.93,0.127,0.21,2.074150807,0.24897,2.725,6.141560541,1.67130287,0.865960036,1.2831
0.02.94,0.127,0.21,2.074150807,0.24897,2.725,6.141560541,1.67130287,0.865960036,1.2831
0.02.95,0.127,0.21,2.074150807,0.24897,2.725,6.141560541,1.67130287,0.865960036,1.2831
0.02.96,0.127,0.21,2.074150807,0.24897,2.725,6.141560541,1.67130287,0.865960036,1.2831
0.02.97,0.127,0.21,2.074150807,0.24897,2.725,6.141560541,1.67130287,0.865960036,1.2831
0.02.98,0.127,0.21,2.074150807,0.24897,2.725,6.141560541,1.67130287,0.865960036,1.2831
0.02.99,0.127,0.21,2.074150807,0.24897,2.725,6.141560541,1.67130287,0.865960036,1.2831
0.03.00,0.127,0.21,2.074150807,0.24897,2.725,6.141560541,1.67130287,0.865960036,1.2831
0.03.01,0.127,0.21,2.074150807,0.24897,2.725,6.141560541,1.67130287,0.865960036,1.2831
0.03.02,0.127,0.21,2.074150807,0.24897,2.725,6.141560541,1.67130287,0.865960036,1.2831
0.03.03,0.127,0.21,2.074150807,0.24897,2.725,6.141560541,1.67130287,0.865960036,1.2831
0.03.04,0.127,0.21,2.074150807,0.24897,2.725,6.141560541,1.67130287,0.865960036,1.2831
0.03.05,0.127,0.21,2.074150807,0.24897,2.725,6.141560541,1.67130287,0.865960036,1.2831
0.03.06,0.127,0.21,2.074150807,0.24897,2.725,6.141560541,1.67130287,0.865960036,1.2831
0.03.07,0.127,0.21,2.074150807,0.24897,2.725,6.141560541,1.67130287,0.865960036,1.2831
0.03.08,0.127,0.21,2.074150807,0.24897,2.725,6.141560541,1.67130287,0.865960036,1.2831
0.03.09,0.127,0.21,2.074150807,0.24897,2.725,6.141560541,1.67130287,0.865960036,1.2831
0.03.10,0.127,0.21,2.074150807,0.24897,2.725,6.141560541,1.67130287,0.865960036,1.2831
0.03.11,0.127,0.21,2.074150807,0.24897,2.725,6.141560541,1.67130287,0.865960036,1.2831
0.03.12,0.127,0.21,2.074150807,0.24897,2.725,6.141560541,1.67130287,0.865960036,1.2831
0.03.13,0.127,0.21,2.074150807,0.24897,2.725,6.141560541,1.67130287,0.865960036,1.2831
0.03.14,0.127,0.21,2.074150807,0.24897,2.725,6.141560541,1.67130287,0.865960036,1.2831
0.03.15,0.127,0.21,2.074150807,0.24897,2.725,6.141560541,1.67130287,0.865960036,1.2831
0.03.16,0.127,0.21,2.074150807,0.24897,2.725,6.141560541,1.67130287,0.865960036,1.2831
0.03.17,0.127,0.21,2.074150807,0.24897,2.725,6.141560541,1.67130287,0.865960036,1.2831
0.03.18,0.127,0.21,2.074150807,0.24897,2.725,6.141560541,1.67130287,0.865960036,1.2831
0.03.19,0.127,0.21,2.074150807,0.24897,2.725,6.141560541,1.67130287,0.865960036,1.2831
0.03.20,0.127,0.21,2.074150807,0.24897,2.725,6.141560541,1.67130287,0.865960036,1.2831
0.03.21,0.127,0.21,2.074150807,0.24897,2.725,6.141560541,1.67130287,0.865960036,1.2831
0.03.22,0.127,0.21,2.074150807,0.24897,2.725,6.141560541,1.67130287,0.865960036,1.2831
0.03.23,0.127,0.21,2.074150807,0.24897,2.725,6.141560541,1.67130287,0.865960036,1.2831
0.03.24,0.127,0.21,2.074150807,0.24897,2.725,6.141560541,1.67130287,0.865960036,1.2831
0.03.25,0.127,0.21,2.074150807,0.24897,2.725,6.141560541,1.67130287,0.865960036,1.2831
0.03.26,0.127,0.21,2.074150807,0.24897,2.725,6.141560541,1.67130287,0.865960036,1.2831
0.03.27,0.127,0.21,2.074150807,0.24897,2.725,6.141560541,1.67130287,0.865960036,1.2831
0.03.28,0.127,0.21,2.074150807,0.24897,2.725,6.141560541,1.67130287,0.865960036,1.2831
0.03.29,0.127,0.21,2.074150807,0.24897,2.725,6.141560541,1.67130287,0.865960036,1.2831
0.03.30,0.127,0.21,2.074150807,0.24897,2.725,6.141560541,1.67130287,0.865960036,1.2831
0.03.31,0.127,0.21,2.074150807,0.24897,2.725,6.141560541,1.67130287,0.865960036,1.2831
0.03.32,0.127,0.21,2.074150807,0.24897,2.725,6.141560541,1.67130287,0.865960036,1.2831
0.03.33,0.127,0.21,2.074150807,0.24897,2.725,6.141560541,1.67130287,0.865960036,1.2831
0.03.34,0.127,0.21,2.074150807,0.24897,2.725,6.141560541,1.67130287,0.865960036,1.2831
0.03.35,0.127,0.21,2.074150807,0.24897,2.725,6.141560541,1.67130287,0.865960036,1.2831
0.03.36,0.127,0.21,2.074150807,0.24897,2.725,6.141560541,1.67130287,0.865960036,1.2831
0.03.37,0.127,0.21,2.074150807,0.24897,2.725,6.141560541,1.67130287,0.865960036,1.2831
0.03.38,0.127,0.21,2.074150807,0.24897,2.725,6.141560541,1.67130287,0.865960036,1.2831
0.03.39,0.127,0.21,2.074150807,0.24897,2.725,6.141560541,1.67130287,0.865960036,1.2831
0.03.40,0.127,0.21,2.074150807,0.24897,2.725,6.141560541,1.67130287,0.865960036,1.2831
0.03.41,0.127,0.21,2.074150807,0.24897,2.725,6.141560541,1.67130287,0.865960036,1.2831
0.03.42,0.127,0.21,2.074150807,0.24897,2.725,6.141560541,1.67130287,0.865960036,1.2831
0.03.43,0.127,0.21,2.074150807,0.24897,2.725,6.141560541,1.67130287,0.865960036,1.2831
0.03.44,0.127,0.21,2.074150807,0.24897,2.725,6.141560541,1.67130287,0.865960036,1.2831
0.03.45,0.127,0.21,2.074150807,0.24897,2.725,6.141560541,1.67130287,0.865960036,1.2831
0.03.46,0.127,0.21,2.074150807,0.24897,2.725,6.141560541,1.67130287,0.865960036,1.2831
0.03.47,0.127,0.21,2.074150807,0.24897,2.725,6.141560541,1.67130287,0.865960036,1.2831
0.03.48,0.127,0.21,2.074150807,0.24897,2.725,6.141560541,1.67130287,0.865960036,1.2831
0.03.49,0.127,0.21,2.074150807,0.24897,2.725,6.141560541,1.67130287,0.865960036,1.2831
0.03.50,0.127,0.21,2.074150807,0.24897,2.725,6.141560541,1.67130287,0.865960036,1.2831
0.03.51,0.127,0.21,2.074150807,0.24897,2.725,6.141560541,1.67130287,0.865960036,1.2831
0.03.52,0.127,0.21,2.074150807,0.24897,2.725,6.141560541,1.67130287,0.865960036,1.2831
0.03.53,0.127,0.21,2.074150807,0.24897,2.725,6.141560541,1.67130287,0.865960036,1.2831
0.03.54,0.127,0.21,2.074150807,0.24897,2.725,6.141560541,1.67130287,0.865960036,1.2831
0.03.55,0.127,0.21,2.074150807,0.24897,2.725,6.141560541,1.67130287,0.865960036,1.2831
0.03.56,0.127,0.21,2.074150807,0.24897,2.725,6.141560541,1.67130287,0.865960036,1.2831
0.03.57,0.127,0.21,2.074150807,0.24897,2.725,6.141560541,1.67130287,0.865960036,1.2831
0.03.58,0.127,0.21,2.074150807,0.24897,2.725,6.141560541,1.67130287,0.865960036,1.2831
0.03.59,0.127,0.21,2.074150807,0.24897,2.725,6.141560541,1.67130287,0.865960036,1.2831
0.03.60,0.127,0.21,2.074150807,0.24897,2.725,6.141560541,1.67130287,0.865960036,1.2831
0.03.61,0.127,0.21,2.074150807,0.24897,2.725,6.141560541,1.67130287,0.865960036,1.2831
0.03.62,0.127,0.21,2.074150807,0.24897,2.725,6.141560541,1.67130287,0.865960036,1.2831
0.03.63,0.127,0.21,2.074150807,0.24897,2.725,6.141560541,1.67130287,0.865960036,1.2831
0.03.64,0.127,0.21,2.074150807,0.24897,2.725,6.141560541,1.67130287,0.865960036,1.2831
0.03.65,0.127,0.21,2.074150807,0.24897,2.725,6.141560541,1.67130287,0.865960036,1.2831
0.03.66,0.127,0.21,2.074150807,0.24897,2.725,6.141560541,1.67130287,0.865960036,1.2831
0.03.67,0.127,0.21,2.074150807,0.24897,2.725,6.141560541,1.67130287,0.865960036,1.2831
0.03.68,0.127,0.21,2.074150807,0.24897,2.725,6.141560541,1.67130287,0.865960036,1.2831
0.03.69,0.127,0.21,2.074150807,0.24897,2.725,6.141560541,1.67130287,0.865960036,1.2831
0.03.70,0.127,0.21,2.074150807,0.24897,2.725,6.141560541,1.67130287,0.865960036,1.2831
0.03.71,0.127,0.21,2.074150807,0.24897,2.725,6.141560541,1.67130287,0.865960036,1.2831
0.03.72,0.127,0.21,2.074150807,0.24897,2.725,6.141560541,1.67130287,0.865960036,1.2831
0.03.73,0.127,0.21,2.074150807,0.24897,2.725,6.141560541,1.67130287,0.865960036,1.2831
0.03.74,0.127,0.21,2.074150807,0.24897,2.725,6.141560541,1.67130287,0.865960036,1.2831
0.03.75,0.127,0.21,2.074150807,0.24897,2.725,6.141560541,1.67130287,0.865960036,1.2831
0.03.76,0.127,0.21,2.074150807,0.24897,2.725,6.141560541,1.67130287,0.865960036,1.2831
0.03.77,0.127,0.21,2.074150807,0.24897,2.725,6.141560541,1.67130287,0.865960036,1.2831
0.03.78,0.127,0.21,2.074150807,0.24897,2.725,6.141560541,1.67130287,0.865960036,1.2831
0.03.79,0.127,0.21,2.074150807,0.24897,2.725,6.141560541,1.67130287,0.865960036,1.2831
0.03.80,0.127,0.21,2.074150807,0.24897,2.725,6.141560541,1.67130287,0.865960036,1.2831
0.03.81,0.127,0.21,2.074150807,0.24897,2.725,6.141560541,1.67130287,0.865960036,1.2831
0.03.82,0.127,0.21,2.074150807,0.24897,2.725,6.141560541,1.67130287,0.865960036,1.2831
0.03.83,0.127,0.21,2.074150807,0.24897,2.725,6.141560541,1.67130287,0.865960036,1.2831
0.03.84,0.127,0.21,2.074150807,0.24897,2.725,6.141560541,1.67130287,0.865960036,1.2831
0.03.85,0.127,0.21,2.074150807,0.24897,2.725,6.141560541,1.67130287,0.865960036,1.2831
0.03.86,0.127,0.21,2.074150807,0.24897,2.725,6.141560541,1.67130287,0.865960036,1.2831
0.03.87,0.127,0.21,2.074150807,0.24897,2.725,6.141560541,1.67130287,0.865960036,1.2831
0.03.88,0.127,0.21,2.074150807,0.24897,2.725,6.141560541,1.67130287,0.865960036,1.2831
0.03.89,0.127,0.21,2.074150807,0.24897,2.725,6.141560541,1.67130287,0.865960036,1.2831
0.03.90,0.127,0.21,2.074150807,0.24897,2.725,6.141560541,1.67130287,0.865960036,1.2831
0.03.91,0.127,0.21,2.074150807,0.24897,2.725,6.141560541,1.67130287,0.865960036,1.2831
0.03.92,0.127,0.21,2.074150807,0.24897,2.725,6.141560541,1.67130287,0.865960036,1.2831
0.03.93,0.127,0.21,2.074150807,0.24897,2.725,6.141560541,1.67130287,0.865960036,1.2831
0.03.94,0.127,0.21,2.074150807,0.24897,2.725,6.141560541,1.67130287,0.865960036,1.2831
0.03.95,0.127,0.21,2.074150807,0.24897,2.725,6.141560541,1.67130287,0.865960036,1.2831
0.03.96,0.127,0.21,2.074150807,0.24897,2.725,6.141560541,1.67130287,0.865960036,1.2831
0.03.97,0.127,0.21,2.074150807,0.24897,2.725,6.141560541,1.67130287,0.865960036,1.2831
0.03.98,0.127,0.21,2.074150807,0.24897,2.725,6.141560541,1.67130287,0.865960036,1.2831
0.03.99,0.127,0.21,2.074150807,0.24897,2.725,6.141560541,1.67130287,0.865960036,1.2831
0.04.00,0.127,0.21,2.074150807,0.24897,2.725,6.141560541,1.67130287,10,1.2831
0.04.01,0.127,0.21,2.074150807,0.24897,2.725,6.141560541,1.67130287,0.865960036,1.2831
0.04.02,0.127,0.21,2.074150807,0.24897,2.725,6.141560541,1.67130287,0.865960036,1.2831
0.04.03,0.127,0.21,2.074150807,0.24897,2.725,6.141560541,1.67130287,0.865960036,1.2831
0.04.04,0.127,0.21,2.074150807,0.24897,2.725,6.141560541,1.67130287,0.865960036,1.2831
0.04.05,0.127,0.21,2.074150807,0.24897,2.725,6.141560541,1.67130287,0.865960036,1.2831
0.04.06,0.127,0.21,2.074150807,0.24897,2.725,6.141560541,1.67130287,0.865960036,1.2831
0.04.07,0.127,0.21,2.074150807,0.24897,2.725,6.141560541,1.67130287,0.865960036,1.2831
0.04.08,0.127,0.21,2.074150807,0.24897,2.725,6.141560541,1.67130287,0.865960036,1.2831
0.04.09,0.127,0.21,2.074150807,0.24897,2.725,6.141560541,1.67130287,0.865960036,1.2831
0.04.10,0.127,0.21,2.074150807,0.24897,2.725,6.141560541,1.67130287,0.865960036,1.2831
0.04.11,0.127,0.21,2.074150807,0.24897,2.725,6.141560541,1.67130287,0.865960036,1.2831
0.04.12,0.127,0.21,2.074150807,0.24897,2.725,6.141560541,1.67130287,0.865960036,1.2831
0.04.13,0.127,0.21,2.074150807,0.24897,2.725,6.141560541,1.67130287,0.865960036,1.2831
0.04.14,0.127,0.21,2.074150807,0.24897,2.725,6.141560541,1.67130287,0.865960036,1.2831
0.04.15,0.127,0.21,2.074150807,0.24897,2.725,6.141560541,1.67130287,0.865960036,1.2831
0.04.16,0.127,0.21,2.074150807,0.24897,2.725,6.141560541,1.67130287,0.865960036,1.2831
0.04.17,0.127,0.21,2.074150807,0.24897,2.725,6.141560541,1.67130287,0.865960036,1.2831
0.04.18,0.127,0.21,2.074150807,0.24897,2.725,6.141560541,1.67130287,0.865960036,1.2831
0.04.19,0.127,0.21,2.074150807,0.24897,2.725,6.141560541,1.67130287,0.865960036,1.2831
0.04.20,0.127,0.21,2.074150807,0.24897,2.725,6.141560541,1.67130287,0.865960036,1.2831
0.04.21,0.127,0.21,2.074150807,0.24897,2.725,6.141560541,1.67130287,0.865960036,1.2831
0.04.22,0.127,0.21,2.074150807,0.24897,2.725,6.141560541,1.67130287,0.865960036,1.2831
0.04.23,0.127,0.21,2.074150807,0.24897,2.725,6.141560541,1.67130287,0.865960036,1.2831
0.04.24,0.127,0.21,2.074150807,0.24897,2.725,6.141560541,1.67130287,0.865960036,1.2831
0.04.25,0.127,0.21,2.074150807,0.24897,2.725,6.141560541,1.67130287,0.865960036,1.2831
0.04.26,0.127,0.21,2.074150807,0.24897,2.725,6.141560541,1.67130287,0.865960036,1.2831
0.04.27,0.127,0.21,2.074150807,0.24897,2.725,6.141560541,1.67130287,0.865960036,1.2831
0.04.28,0.127,0.21,2.074150807,0.24897,2.725,6.141560541,1.67130287,0.865960036,1.2831
0.04.29,0.127,0.21,2.074150807,0.24897,2.725,6.141560541,1.67130287,0.865960036,1.2831
0.04.30,0.127,0.21,2.074150807,0.24897,2.725,6.141560541,1.67130287,0.865960036,1.2831
0.04.31,0.127,0.21,2.074150807,0.24897,2.725,6.141560541,1.67130287,0.865960036,1.2831
0.04.32,0.127,0.21,2.074150807,0.24897,2.725,6.141560541,1.67130287,0.865960036,1.2831
0.04.33,0.127,0.21,2.074150807,0.24897,2.725,6.141560541,1.67130287,0.865960036,1.2831
0.04.34,0.127,0.21,2.074150807,0.24897,2.725,6.141560541,1.67130287,0.865960036,1.2831
0.04.35,0.127,0.21,2.074150807,0.24897,2.725,6.141560541,1.67130287,0.865960036,1.2831
0.04.36,0.127,0.21,2.074150807,0.24897,2.725,6.141560541,1.67130287,0.865960036,1.2831
0.04.37,0.127,0.21,2.074150807,0.24897,2.725,6.141560541,1.67130287,0.865960036,1.2831
0.04.38,0.127,0.21,2.074150807,0.24897,2.725,6.141560541,1.67130287,0.865960036,1.2831
0.04.39,0.127,0.21,2.074150807,0.24897,2.725,6.141560541,1.67130287,0.865960036,1.2831
0.04.40,0.127,0.21,2.074150807,0.24897,2.725,6.141560541,1.67130287,0.865960036,1.2831
0.04.41,0.127,0.21,2.074150807,0.24897,2.725,6.141560541,1.67130287,0.865960036,1.2831
0.04.42,0.127,0.21,2.074150807,0.24897,2.725,6.141560541,1.67130287,0.865960036,1.2831
0.04.43,0.127,0.21,2.074150807,0.24897,2.725,6.141560541,1.67130287,0.865960036,1.2831
0.04.44,0.127,0.21,2.074150807,0.24897,2.725,6.141560541,1.67130287,0.865960036,1.2831
0.04.45,0.127,0.21,2.074150807,0.24897,2.725,6.141560541,1.67130287,0.865960036,1.2831
0.04.46,0.127,0.21,2.074150807,0.24897,2.725,6.141560541,1.67130287,0.865960036,1.2831
0.04.47,0.127,0.21,2.074150807,0.24897,2.725,6.141560541,1.67130287,0.865960036,1.2831
0.04.48,0.127,0.21,2.074150807,0.24897,2.725,6.141560541,1.67130287,0.865960036,1.2831
0.04.49,0.127,0.21,2.074150807,0.24897,2.725,6.141560541,1.67130287,0.865960036,1.2831
0.04.50,0.127,0.21,2.074150807,0.24897,2.725,6.141560541,1.67130287,0.865960036,1.2831
0.04.51,0.127,0.21,2.074150807,0.24897,2.725,6.141560541,1.67130287,0.865960036,1.2831
0.04.52,0.127,0.21,2.074150807,0.24897,2.725,6.141560541,1.67130287,0.865960036,1.2831
0.04.53,0.127,0.21,2.074150807,0.24897,2.725,6.141560541,1.67130287,0.865960036,1.2831
0.04.54,0.127,0.21,2.074150807,0.24897,2.725,6.141560541,1.67130287,0.865960036,1.2831
0.04.55,0.127,0.21,2.074150807,0.24897,2.725,6.141560541,1.67130287,0.865960036,1.2831
0.04.56,0.127,0.21,2.074150807,0.24897,2.725,6.141560541,1.67130287,0.865960036,1.2831
0.04.57,0.127,0.21,2.074150807,0.24897,2.725,6.141560541,1.67130287,0.865960036,1.2831
0.04.58,0.127,0.21,2.074150807,0.24897,2.725,6.141560541,1.67130287,0.865960036,1.2831
0.04.59,0.127,0.21,2.074150807,0.24897,2.725,6.141560541,1.67130287,0.865960036,1.2831
0.04.60,0.127,0.21,2.074150807,0.24897,2.725,6.141560541,1.67130287,0.865960036,1.2831
0.04.61,0.127,0.21,2.074150807,0.24897,2.725,6.141560541,1.67130287,0.865960036,1.2831
0.04.62,0.127,0.21,2.074150807,0.24897,2.725,6.141560541,1.67130287,0.865960036,1.2831
0.04.63,0.127,0.21,2.074150807,0.24897,2.725,6.141560541,1.67130287,0.865960036,1.2831
0.04.64,0.127,0.21,2.074150807,0.24897,2.725,6.141560541,1.67130287,0.865960036,1.2831
0.04.65,0.127,0.21,2.074150807,0.24897,2.725,6.141560541,1.67130287,0.865960036,1.2831
0.04.66,0.127,0.21,2.074150807,0.24897,2.725,6.141560541,1.67130287,0.865960036,1.2831
0.04.67,0.127,0.21,2.074150807,0.24897,2.725,6.141560541,1.67130287,0.865960036,1.2831
0.04.68,0.127,0.21,2.074150807,0.24897,2.725,6.141560541,1.67130287,0.865960036,1.2831
0.04.69,0.127,0.21,2.074150807,0.24897,2.725,6.141560541,1.67130287,0.865960036,1.2831
0.04.70,0.127,0.21,2.074150807,0.24897,2.725,6.141560541,1.67130287,0.865960036,1.2831
0.04.71,0.127,0.21,2.074150807,0.24897,2.725,6.141560541,1.67130287,0.865960036,1.2831
0.04.72,0.127,0.21,2.074150807,0.24897,2.725,6.141560541,1.67130287,0.865960036,1.2831
0.04.73,0.127,0.21,2.074150807,0.24897,2.725,6.141560541,1.67130287,0.865960036,1.2831
0.04.74,0.127,0.21,2.074150807,0.24897,2.725,6.141560541,1.67130287,0.865960036,1.2831
0.04.75,0.127,0.21,2.074150807,0.24897,2.725,6.141560541,1.67130287,0.865960036,1.2831
0.04.76,0.127,0.21,2.074150807,0.24897,2.725,6.141560541,1.67130287,0.865960036,1.2831
0.04.77,0.127,0.21,2.074150807,0.24897,2.725,6.141560541,1.67130287,0.865960036,1.2831
0.04.78,0.127,0.21,2.074150807,0.24897,2.725,6.141560541,1.67130287,0.865960036,1.2831
0.04.79,0.127,0.21,2.074150807,0.24897,2.725,6.141560541,1.67130287,0.865960036,1.2831
0.04.80,0.127,0.21,2.074150807,0.24897,2.725,6.141560541,1.67130287,0.865960036,1.2831
0.04.81,0.127,0.21,2.074150807,0.24897,2.725,6.141560541,1.67130287,0.865960036,1.2831
0.04.82,0.127,0.21,2.074150807,0.24897,2.725,6.141560541,1.67130287,0.865960036,1.2831
0.04.83,0.127,0.21,2.074150807,0.24897,2.725,6.141560541,1.67130287,0.865960036,1.2831
0.04.84,0.127,0.21,2.074150807,0.24897,2.725,6.141560541,1.67130287,0.865960036,1.2831
0.04.85,0.127,0.21,2.074150807,0.24897,2.725,6.141560541,1.67130287,0.865960036,1.2831
0.04.86,0.127,0.21,2.074150807,0.24897,2.725,6.141560541,1.67130287,0.865960036,1.2831
0.04.87,0.127,0.21,2.074150807,0.24897,2.725,6.141560541,1.67130287,0.865960036,1.2831
0.04.88,0.127,0.21,2.074150807,0.24897,2.725,6.141560541,1.67130287,0.865960036,1.2831
0.04.89,0.127,0.21,2.074150807,0.24897,2.725,6.141560541,1.67130287,0.865960036,1.2831
0.04.90,0.127,0.21,2.074150807,0.24897,2.725,6.141560541,1.67130287,0.865960036,1.2831
0.04.91,0.127,0.21,2.074150807,0.24897,2.725,6.141560541,1.67130287,0.865960036,1.2831
0.04.92,0.127,0.21,2.074150807,0.24897,2.725,6.141560541,1.67130287,0.865960036,1.2831
0.04.93,0.127,0.21,2.074150807,0.24897,2.725,6.141560541,1.67130287,0.865960036,1.2831
0.04.94,0.127,0.21,2.074150807,0.24897,2.725,6.141560541,1.67130287,0.865960036,1.2831
0.04.95,0.127,0.21,2.074150807,0.24897,2.725,6.141560541,1.67130287,0.865960036,1.2831
0.04.96,0.127,0.21,2.074150807,0.24897,2.725,6.141560541,1.67130287,0.865960036,1.2831
0.04.97,0.127,0.21,2.074150807,0.24897,2.725,6.141560541,1.67130287,0.865960036,1.2831
0.04.98,0.127,0.21,2.074150807,0.24897,2.725,6.141560541,1.67130287,0.865960036,1.2831
0.04.99,0.127,0.21,2.074150807,0.24897,2.725,6.141560541,1.67130287,0.865960036,1.2831
0.05.00,0.127,0.21,2.074150807,0.24897,2.725,6.141560541,1.67130287,0.865960036,1.2831
0.05.01,0.127,0.21,2.074150807,0.24897,2.725,6.141560541,1.67130287,0.865960036,1.2831
0.05.02,0.127,0.21,2.074150807,0.24897,2.725,6.141560541,1.67130287,0.865960036,1.2831
0.05.03,0.127,0.21,2.074150807,0.24897,2.725,6.141560541,1.67130287,0.865960036,1.2831
0.05.04,0.127,0.21,2.074150807,0.24897,2.725,6.141560541,1.67130287,0.865960036,1.2831
0.05.05,0.127,0.21,2.074150807,0.24897,2.725,6.141560541,1.67130287,0.865960036,1.2831
0.05.06,0.127,0.21,2.074150807,0.24897,2.725,6.141560541,1.67130287,0.865960036,1.2831
0.05.07,0.127,0.21,2.074150807,0.24897,2.725,6.141560541,1.67130287,0.865960036,1.2831
0.05.08,0.127,0.21,2.074150807,0.24897,2.725,6.141560541,1.67130287,0.865960036,1.2831
0.05.09,0.127,0.21,2.074150807,0.24897,2.725,6.141560541,1.67130287,0.865960036,1.2831
0.05.10,0.127,0.21,2.074150807,0.24897,2.725,6.141560541,1.67130287,0.865960036,1.2831
0.05.11,0.127,0.21,2.074150807,0.24897,2.725,6.141560541,1.67130287,0.865960036,1.2831
0.05.12,0.127,0.21,2.074150807,0.24897,2.725,6.141560541,1.67130287,0.865960036,1.2831
0.05.13,0.127,0.21,2.074150807,0.24897,2.725,6.141560541,1.67130287,0.865960036,1.2831
0.05.14,0.127,0.21,2.074150807,0.24897,2.725,6.141560541,1.67130287,0.865960036,1.2831
0.05.15,0.127,0.21,2.074150807,0.24897,2.725,6.141560541,1.67130287,0.865960036,1.2831
0.05.16,0.127,0.21,2.074150807,0.24897,2.725,6.141560541,1.67130287,0.865960036,1.2831
0.05.17,0.127,0.21,2.074150807,0.24897,2.725,6.141560541,1.67130287,0.865960036,1.2831
0.05.18,0.127,0.21,2.074150807,0.24897,2.725,6.141560541,1.67130287,0.865960036,1.2831
0.05.19,0.127,0.21,2.074150807,0.24897,2.725,6.141560541,1.67130287,0.865960036,1.2831
0.05.20,0.127,0.21,2.074150807,0.24897,2.725,6.141560541,1.67130287,0.865960036,1.2831
0.05.21,0.127,0.21,2.074150807,0.24897,2.725,6.141560541,1.67130287,0.865960036,1.2831
0.05.22,0.127,0.21,2.074150807,0.24897,2.725,6.141560541,1.67130287,0.865960036,1.2831
0.05.23,0.127,0.21,2.074150807,0.24897,2.725,6.141560541,1.67130287,0.865960036,1.2831
0.05.24,0.127,0.21,2.074150807,0.24897,2.725,6.141560541,1.67130287,0.865960036,1.2831
0.05.25,0.127,0.21,2.074150807,0.24897,2.725,6.141560541,1.67130287,0.865960036,1.2831
0.05.26,0.127,0.21,2.074150807,0.24897,2.725,6.141560541,1.67130287,0.865960036,1.2831
0.05.27,0.127,0.21,2.074150807,0.24897,2.725,6.141560541,1.67130287,0.865960036,1.2831
0.05.28,0.127,0.21,2.074150807,0.24897,2.725,6.141560541,1.67130287,0.865960036,1.2831
0.05.29,0.127,0.21,2.074150807,0.24897,2.725,6.141560541,1.67130287,0.865960036,1.2831
0.05.30,0.127,0.21,2.074150807,0.24897,2.725,6.141560541,1.67130287,0.865960036,1.2831
0.05.31,0.127,0.21,2.074150807,0.24897,2.725,6.141560541,1.67130287,0.865960036,1.2831
0.05.32,0.127,0.21,2.074150807,0.24897,2.725,6.141560541,1.67130287,0.865960036,1.2831
0.05.33,0.127,0.21,2.074150807,0.24897,2.725,6.141560541,1.67130287,0.865960036,1.2831
0.05.34,0.127,0.21,2.074150807,0.24897,2.725,6.141560541,1.67130287,0.865960036,1.2831
0.05.35,0.127,0.21,2.074150807,0.24897,2.725,6.141560541,1.67130287,0.865960036,1.2831
0.05.36,0.127,0.21,2.074150807,0.24897,2.725,6.141560541,1.67130287,0.865960036,1.2831
0.05.37,0.127,0.21,2.074150807,0.24897,2.725,6.141560541,1.67130287,0.865960036,1.2831
0.05.38,0.127,0.21,2.074150807,0.24897,2.725,6.141560541,1.67130287,0.865960036,1.2831
0.05.39,0.127,0.21,2.074150807,0.24897,2.725,6.141560541,1.67130287,0.865960036,1.2831
0.05.40,0.127,0.21,2.074150807,0.24897,2.725,6.141560541,1.67130287,0.865960036,1.2831
0.05.41,0.127,0.21,2.074150807,0.24897,2.725,6.141560541,1.67130287,0.865960036,1.2831
0.05.42,0.127,0.21,2.074150807,0.24897,2.725,6.141560541,1.67130287,0.865960036,1.2831
0.05.43,0.127,0.21,2.074150807,0.24897,2.725,6.141560541,1.67130287,0.865960036,1.2831
0.05.44,0.127,0.21,2.074150807,0.24897,2.725,6.141560541,1.67130287,0.865960036,1.2831
0.05.45,0.127,0.21,2.074150807,0.24897,2.725,6.141560541,1.67130287,0.865960036,1.2831
0.05.46,0.127,0.21,2.074150807,0.24897,2.725,6.141560541,1.67130287,0.865960036,1.2831
0.05.47,0.127,0.21,2.074150807,0.24897,2.725,6.141560541,1.67130287,0.865960036,1.2831
0.05.48,0.127,0.21,2.074150807,0.24897,2.725,6.141560541,1.67130287,0.865960036,1.2831
0.05.49,0.127,0.21,2.074150807,0.24897,2.725,6.141560541,1.67130287,0.865960036,1.2831
0.05.50,0.127,0.21,2.074150807,0.24897,2.725,6.141560541,1.67130287,0.865960036,1.2831
0.05.51,0.127,0.21,2.074150807,0.24897,2.725,6.141560541,1.67130287,0.865960036,1.2831
0.05.52,0.127,0.21,2.074150807,0.24897,2.725,6.141560541,1.67130287,0.865960036,1.2831
0.05.53,0.127,0.21,2.074150807,0.24897,2.725,6.141560541,1.67130287,0.865960036,1.2831
0.05.54,0.127,0.21,2.074150807,0.24897,2.725,6.141560541,1.67130287,0.865960036,1.2831
0.05.55,0.127,0.21,2.074150807,0.24897,2.725,6.141560541,1.67130287,0.865960036,1.2831
0.05.56,0.127,0.21,2.074150807,0.24897,2.725,6.141560541,1.67130287,0.865960036,1.2831
0.05.57,0.127,0.21,2.074150807,0.24897,2.725,6.141560541,1.67130287,0.865960036,1.2831
0.05.58,0.127,0.21,2.074150807,0.24897,2.725,6.141560541,1.67130287,0.865960036,1.2831
0.05.59,0.127,0.21,2.074150807,0.24897,2.725,6.141560541,1.67130287,0.865960036,1.2831
0.05.60,0.127,0.21,2.074150807,0.24897,2.725,6.141560541,1.67130287,0.865960036,1.2831
0.05.61,0.127,0.21,2.074150807,0.24897,2.725,6.141560541,1.67130287,0.865960036,1.2831
0.05.62,0.127,0.21,2.074150807,0.24897,2.725,6.141560541,1.67130287,0.865960036,1.2831
0.05.63,0.127,0.21,2.074150807,0.24897,2.725,6.141560541,1.67130287,0.865960036,1.2831
0.05.64,0.127,0.21,2.074150807,0.24897,2.725,6.141560541,1.67130287,0.865960036,1.2831
0.05.65,0.127,0.21,2.074150807,0.24897,2.725,6.141560541,1.67130287,0.865960036,1.2831
0.05.66,0.127,0.21,2.074150807,0.24897,2.725,6.141560541,1.67130287,0.865960036,1.2831
0.05.67,0.127,0.21,2.074150807,0.24897,2.725,6.141560541,1.67130287,0.865960036,1.2831
0.05.68,0.127,0.21,2.074150807,0.24897,2.725,6.141560541,1.67130287,0.865960036,1.2831
0.05.69,0.127,0.21,2.074150807,0.24897,2.725,6.141560541,1.67130287,0.865960036,1.2831
0.05.70,0.127,0.21,2.074150807,0.24897,2.725,6.141560541,1.67130287,0.865960036,1.2831
0.05.71,0.127,0.21,2.074150807,0.24897,2.725,6.141560541,1.67130287,0.865960036,1.2831
0.05.72,0.127,0.21,2.074150807,0.24897,2.725,6.141560541,1.67130287,0.865960036,1.2831
0.05.73,0.127,0.21,2.074150807,0.24897,2.725,6.141560541,1.67130287,0.865960036,1.2831
0.05.74,0.127,0.21,2.074150807,0.24897,2.725,6.141560541,1.67130287,0.865960036,1.2831
0.05.75,0.127,0.21,2.074150807,0.24897,2.725,6.141560541,1.67130287,0.865960036,1.2831
0.05.76,0.127,0.21,2.074150807,0.24897,2.725,6.141560541,1.67130287,0.865960036,1.2831
0.05.77,0.127,0.21,2.074150807,0.24897,2.725,6.141560541,1.67130287,0.865960036,1.2831
0.05.78,0.127,0.21,2.074150807,0.24897,2.725,6.141560541,1.67130287,0.865960036,1.2831
0.05.79,0.127,0.21,2.074150807,0.24897,2.725,6.141560541,1.67130287,0.865960036,1.2831
0.05.80,0.127,0.21,2.074150807,0.24897,2.725,6.141560541,1.67130287,0.865960036,1.2831
0.05.81,0.127,0.21,2.074150807,0.24897,2.725,6.141560541,1.67130287,0.865960036,1.2831
0.05.82,0.127,0.21,2.074150807,0.24897,2.725,6.141560541,1.67130287,0.865960036,1.2831
0.05.83,0.127,0.21,2.074150807,0.24897,2.725,6.141560541,1.67130287,0.865960036,1.2831
0.05.84,0.127,0.21,2.074150807,0.24897,2.725,6.141560541,1.67130287,0.865960036,1.2831
0.05.85,0.127,0.21,2.074150807,0.24897,2.725,6.141560541,1.67130287,0.865960036,1.2831
0.05.86,0.127,0.21,2.074150807,0.24897,2.725,6.141560541,1.67130287,0.865960036,1.2831
0.05.87,0.127,0.21,2.074150807,0.24897,2.725,6.141560541,1.67130287,0.865960036,1.2831
0.05.88,0.127,0.21,2.074150807,0.24897,2.725,6.141560541,1.67130287,0.865960036,1.2831
0.05.89,0.127,0.21,2.074150807,0.24897,2.725,6.141560541,1.67130287,0.865960036,1.2831
0.05.90,0.127,0.21,2.074150807,0.24897,2.725,6.141560541,1.67130287,0.865960036,1.2831
0.05.91,0.127,0.21,2.074150807,0.24897,2.725,6.141560541,1.67130287,0.865960036,1.2831
0.05.92,0.127,0.21,2.074150807,0.24897,2.725,6.141560541,1.67130287,0.865960036,1.2831
0.05.93,0.127,0.21,2.074150807,0.24897,2.725,6.141560541,1.67130287,0.865960036,1.2831
0.05.94,0.127,0.21,2.074150807,0.24897,2.725,6.141560541,1.67130287,0.865960036,1.2831
0.05.95,0.127,0.21,2.074150807,0.24897,2.725,6.141560541,1.67130287,0.865960036,1.2831
0.05.96,0.127,0.21,2.074150807,0.24897,2.725,6.141560541,1.67130287,0.865960036,1.2831
0.05.97,0.127,0.21,2.074150807,0.24897,2.725,6.141560541,1.67130287,0.865960036,1.2831
0.05.98,0.127,0.21,2.074150807,0.24897,2.725,6.141560541,1.67130287,0.865960036,1.2831
0.05.99,0.127,0.21,2.074150807,0.24897,2.725,6.141560541,1.67130287,0.865960036,1.2831
0.06.00,0.127,0.21,2.074150807,0.24897,2.725,6.141560541,1.67130287,10,1.2831
0.06.01,0.127,0.21,2.074150807,0.24897,2.725,6.141560541,1.67130287,0.865960036,1.2831
0.06.02,0.127,0.21,2.074150807,0.24897,2.725,6.141560541,1.67130287,0.865960036,1.2831
0.06.03,0.127,0.21,2.074150807,0.24897,2.725,6.141560541,1.67130287,0.865960036,1.2831
0.06.04,0.127,0.21,2.074150807,0.24897,2.725,6.141560541,1.67130287,0.865960036,1.2831
0.06.05,0.127,0.21,2.074150807,0.24897,2.725,6.141560541,1.67130287,0.865960036,1.2831
0.06.06,0.127,0.21,2.074150807,0.24897,2.725,6.141560541,1.67130287,0.865960036,1.2831
0.06.07,0.127,0.21,2.074150807,0.24897,2.725,6.141560541,1.67130287,0.865960036,1.2831
0.06.08,0.127,0.21,2.074150807,0.24897,2.725,6.141560541,1.67130287,0.865960036,1.2831
0.06.09,0.127,0.21,2.074150807,0.24897,2.725,6.141560541,1.67130287,0.865960036,1.2831
0.06.10,0.127,0.21,2.074150807,0.24897,2.725,6.141560541,1.67130287,0.865960036,1.2831
0.06.11,0.127,0.21,2.074150807,0.24897,2.725,6.141560541,1.67130287,0.865960036,1.2831
0.06.12,0.127,0.21,2.074150807,0.24897,2.725,6.141560541,1.67130287,0.865960036,1.2831
0.06.13,0.127,0.21,2.074150807,0.24897,2.725,6.141560541,1.67130287,0.865960036,1.2831
0.06.14,0.127,0.21,2.074150807,0.24897,2.725,6.141560541,1.67130287,0.865960036,1.2831
0.06.15,0.127,0.21,2.074150807,0.24897,2.725,6.141560541,1.67130287,0.865960036,1.2831
0.06.16,0.127,0.21,2.074150807,0.24897,2.725,6.141560541,1.67130287,0.865960036,1.2831
0.06.17,0.127,0.21,2.074150807,0.24897,2.725,6.141560541,1.67130287,0.865960036,1.2831
0.06.18,0.127,0.21,2.074150807,0.24897,2.725,6.141560541,1.67130287,0.865960036,1.2831
0.06.19,0.127,0.21,2.074150807,0.24897,2.725,6.141560541,1.67130287,0.865960036,1.2831
0.06.20,0.127,0.21,2.074150807,0.24897,2.725,6.141560541,1.67130287,0.865960036,1.2831
0.06.21,0.127,0.21,2.074150807,0.24897,2.725,6.141560541,1.67130287,0.865960036,1.2831
0.06.22,0.127,0.21,2.074150807,0.24897,2.725,6.141560541,1.67130287,0.865960036,1.2831
0.06.23,0.127,0.21,2.074150807,0.24897,2.725,6.141560541,1.67130287,0.865960036,1.2831
0.06.24,0.127,0.21,2.074150807,0.24897,2.725,6.141560541,1.67130287,0.865960036,1.2831
0.06.25,0.127,0.21,2.074150807,0.24897,2.725,6.141560541,1.67130287,0.865960036,1.2831
0.06.26,0.127,0.21,2.074150807,0.24897,2.725,6.141560541,1.67130287,0.865960036,1.2831
0.06.27,0.127,0.21,2.074150807,0.24897,2.725,6.141560541,1.67130287,0.865960036,1.2831
0.06.28,0.127,0.21,2.074150807,0.24897,2.725,6.141560541,1.67130287,0.865960036,1.2831
0.06.29,0.127,0.21,2.074150807,0.24897,2.725,6.141560541,1.67130287,0.865960036,1.2831
0.06.30,0.127,0.21,2.074150807,0.24897,2.725,6.141560541,1.67130287,0.865960036,1.2831
0.06.31,0.127,0.21,2.074150807,0.24897,2.725,6.141560541,1.67130287,0.865960036,1.2831
0.06.32,0.127,0.21,2.074150807,0.24897,2.725,6.141560541,1.67130287,0.865960036,1.2831
0.06.33,0.127,0.21,2.074150807,0.24897,2.725,6.141560541,1.67130287,0.865960036,1.2831
0.06.34,0.127,0.21,2.074150807,0.24897,2.725,6.141560541,1.67130287,0.865960036,1.2831
0.06.35,0.127,0.21,2.074150807,0.24897,2.725,6.141560541,1.67130287,0.865960036,1.2831
0.06.36,0.127,0.21,2.074150807,0.24897,2.725,6.141560541,1.67130287,0.865960036,1.2831
0.06.37,0.127,0.21,2.074150807,0.24897,2.725,6.141560541,1.67130287,0.865960036,1.2831
0.06.38,0.127,0.21,2.074150807,0.24897,2.725,6.141560541,1.67130287,0.865960036,1.2831
0.06.39,0.127,0.21,2.074150807,0.24897,2.725,6.141560541,1.67130287,0.865960036,1.2831
0.06.40,0.127,0.21,2.074150807,0.24897,2.725,6.141560541,1.67130287,0.865960036,1.2831
0.06.41,0.127,0.21,2.074150807,0.24897,2.725,6.141560541,1.67130287,0.865960036,1.2831
0.06.42,0.127,0.21,2.074150807,0.24897,2.725,6.141560541,1.67130287,0.865960036,1.2831
0.06.43,0.127,0.21,2.074150807,0.24897,2.725,6.141560541,1.67130287,0.865960036,1.2831
0.06.44,0.127,0.21,2.074150807,0.24897,2.725,6.141560541,1.67130287,0.865960036,1.2831
0.06.45,0.127,0.21,2.074150807,0.24897,2.725,6.141560541,1.67130287,0.865960036,1.2831
0.06.46,0.127,0.21,2.074150807,0.24897,2.725,6.141560541,1.67130287,0.865960036,1.2831
0.06.47,0.127,0.21,2.074150807,0.24897,2.725,6.141560541,1.67130287,0.865960036,1.2831
0.06.48,0.127,0.21,2.074150807,0.24897,2.725,6.141560541,1.67130287,0.865960036,1.2831
0.06.49,0.127,0.21,2.074150807,0.24897,2.725,6.141560541,1.67130287,0.865960036,1.2831
0.06.50,0.127,0.21,2.074150807,0.24897,2.725,6.141560541,1.67130287,0.865960036,1.2831
0.06.51,0.127,0.21,2.074150807,0.24897,2.725,6.141560541,1.67130287,0.865960036,1.2831
0.06.52,0.127,0.21,2.074150807,0.24897,2.725,6.141560541,1.67130287,0.865960036,1.2831
0.06.53,0.127,0.21,2.074150807,0.24897,2.725,6.141560541,1.67130287,0.865960036,1.2831
0.06.54,0.127,0.21,2.074150807,0.24897,2.725,6.141560541,1.67130287,0.865960036,1.2831
0.06.55,0.127,0.21,2.074150807,0.24897,2.725,6.141560541,1.67130287,0.865960036,1.2831
0.06.56,0.127,0.21,2.074150807,0.24897,2.725,6.141560541,1.67130287,0.865960036,1.2831
0.06.57,0.127,0.21,2.074150807,0.24897,2.725,6.141560541,1.67130287,0.865960036,1.2831
0.06.58,0.127,0.21,2.074150807,0.24897,2.725,6.141560541,1.67130287,0.865960036,1.2831
0.06.59,0.127,0.21,2.074150807,0.24897,2.725,6.141560541,1.67130287,0.865960036,1.2831
0.06.60,0.127,0.21,2.074150807,0.24897,2.725,6.141560541,1.67130287,0.865960036,1.2831
0.06.61,0.127,0.21,2.074150807,0.24897,2.725,6.141560541,1.67130287,0.865960036,1.2831
0.06.62,0.127,0.21,2.074150807,0.24897,2.725,6.141560541,1.67130287,0.865960036,1.2831
0.06.63,0.127,0.21,2.074150807,0.24897,2.725,6.141560541,1.67130287,0.865960036,1.2831
0.06.64,0.127,0.21,2.074150807,0.24897,2.725,6.141560541,1.67130287,0.865960036,1.2831
0.06.65,0.127,0.21,2.074150807,0.24897,2.725,6.141560541,1.67130287,0.865960036,1.2831
0.06.66,0.127,0.21,2.074150807,0.24897,2.725,6.141560541,1.67130287,0.865960036,1.2831
0.06.67,0.127,0.21,2.074150807,0.24897,2.725,6.141560541,1.67130287,0.865960036,1.2831
0.06.68,0.127,0.21,2.074150807,0.24897,2.725,6.141560541,1.67130287,0.865960036,1.2831
0.06.69,0.127,0.21,2.074150807,0.24897,2.725,6.141560541,1.67130287,0.865960036,1.2831
0.06.70,0.127,0.21,2.074150807,0.24897,2.725,6.141560541,1.67130287,0.865960036,1.2831
0.06.71,0.127,0.21,2.074150807,0.24897,2.725,6.141560541,1.67130287,0.865960036,1.2831
0.06.72,0.127,0.21,2.074150807,0.24897,2.725,6.141560541,1.67130287,0.865960036,1.2831
0.06.73,0.127,0.21,2.074150807,0.24897,2.725,6.141560541,1.67130287,0.865960036,1.2831
0.06.74,0.127,0.21,2.074150807,0.24897,2.725,6.141560541,1.67130287,0.865960036,1.2831
0.06.75,0.127,0.21,2.074150807,0.24897,2.725,6.141560541,1.67130287,0.865960036,1.2831
0.06.76,0.127,0.21,2.074150807,0.24897,2.725,6.141560541,1.67130287,0.865960036,1.2831
0.06.77,0.127,0.21,2.074150807,0.24897,2.725,6.141560541,1.67130287,0.865960036,1.2831
0.06.78,0.127,0.21,2.074150807,0.24897,2.725,6.141560541,1.67130287,0.865960036,1.2831
0.06.79,0.127,0.21,2.074150807,0.24897,2.725,6.141560541,1.67130287,0.865960036,1.2831
0.06.80,0.127,0.21,2.074150807,0.24897,2.725,6.141560541,1.67130287,0.865960036,1.2831
0.06.81,0.127,0.21,2.074150807,0.24897,2.725,6.141560541,1.67130287,0.865960036,1.2831
0.06.82,0.127,0.21,2.074150807,0.24897,2.725,6.141560541,1.67130287,0.865960036,1.2831
0.06.83,0.127,0.21,2.074150807,0.24897,2.725,6.141560541,1.67130287,0.865960036,1.2831
0.06.84,0.127,0.21,2.074150807,0.24897,2.725,6.141560541,1.67130287,0.865960036,1.2831
0.06.85,0.127,0.21,2.074150807,0.24897,2.725,6.141560541,1.67130287,0.865960036,1.2831
0.06.86,0.127,0.21,2.074150807,0.24897,2.725,6.141560541,1.67130287,0.865960036,1.2831
0.06.87,0.127,0.21,2.074150807,0.24897,2.725,6.141560541,1.67130287,0.865960036,1.2831
0.06.88,0.127,0.21,2.074150807,0.24897,2.725,6.141560541,1.67130287,0.865960036,1.2831
0.06.89,0.127,0.21,2.074150807,0.24897,2.725,6.141560541,1.67130287,0.865960036,1.2831
0.06.90,0.127,0.21,2.074150807,0.24897,2.725,6.141560541,1.67130287,0.865960036,1.2831
0.06.91,0.127,0.21,2.074150807,0.24897,2.725,6.141560541,1.67130287,0.865960036,1.2831
0.06.92,0.127,0.21,2.074150807,0.24897,2.725,6.141560541,1.67130287,0.865960036,1.2831
0.06.93,0.127,0.21,2.074150807,0.24897,2.725,6.141560541,1.67130287,0.865960036,1.2831
0.06.94,0.127,0.21,2.074150807,0.24897,2.725,6.141560541,1.67130287,0.865960036,1.2831
0.06.95,0.127,0.21,2.074150807,0.24897,2.725,6.141560541,1.67130287,0.865960036,1.2831
0.06.96,0.127,0.21,2.074150807,0.24897,2.725,6.141560541,1.67130287,0.865960036,1.2831
0.06.97,0.127,0.21,2.074150807,0.24897,2.725,6.141560541,1.67130287,0.865960036,1.2831
0.06.98,0.127,0.21,2.074150807,0.24897,2.725,6.141560541,1.67130287,0.865960036,1.2831
0.06.99,0.127,0.21,2.074150807,0.24897,2.725,6.141560541,1.67130287,0.865960036,1.2831
0.07.00,0.127,0.21,2.074150807,0.24897,2.725,6.141560541,1.67130287,0.865960036,1.2831
0.07.01,0.127,0.21,2.074150807,0.24897,2.725,6.141560541,1.67130287,0.865960036,1.2831
0.07.02,0.127,0.21,2.074150807,0.24897,2.725,6.141560541,1.67130287,0.865960036,1.2831
0.07.03,0.127,0.21,2.074150807,0.24897,2.725,6.141560541,1.67130287,0.865960036,1.2831
0.07.04,0.127,0.21,2.074150807,0.24897,2.725,6.141560541,1.67130287,0.865960036,1.2831
0.07.05,0.127,0.21,2.074150807,0.24897,2.725,6.141560541,1.67130287,0.865960036,1.2831
0.07.06,0.127,0.21,2.074150807,0.24897,2.725,6.141560541,1.67130287,0.865960036,1.2831
0.07.07,0.127,0.21,2.074150807,0.24897,2.725,6.141560541,1.67130287,0.865960036,1.2831
0.07.08,0.127,0.21,2.074150807,0.24897,2.725,6.141560541,1.67130287,0.865960036,1.2831
0.07.09,0.127,0.21,2.074150807,0.24897,2.725,6.141560541,1.67130287,0.865960036,1.2831
0.07.10,0.127,0.21,2.074150807,0.24897,2.725,6.141560541,1.67130287,0.865960036,1.2831
0.07.11,0.127,0.21,2.074150807,0.24897,2.725,6.141560541,1.67130287,0.865960036,1.2831
0.07.12,0.127,0.21,2.074150807,0.24897,2.725,6.141560541,1.67130287,0.865960036,1.2831
0.07.13,0.127,0.21,2.074150807,0.24897,2.725,6.141560541,1.67130287,0.865960036,1.2831
0.07.14,0.127,0.21,2.074150807,0.24897,2.725,6.141560541,1.67130287,0.865960036,1.2831
0.07.15,0.127,0.21,2.074150807,0.24897,2.725,6.141560541,1.67130287,0.865960036,1.2831
0.07.16,0.127,0.21,2.074150807,0.24897,2.725,6.141560541,1.67130287,0.865960036,1.2831
0.07.17,0.127,0.21,2.074150807,0.24897,2.725,6.141560541,1.67130287,0.865960036,1.2831
0.07.18,0.127,0.21,2.074150807,0.24897,2.725,6.141560541,1.67130287,0.865960036,1.2831
0.07.19,0.127,0.21,2.074150807,0.24897,2.725,6.141560541,1.67130287,0.865960036,1.2831
0.07.20,0.127,0.21,2.074150807,0.24897,2.725,6.141560541,1.67130287,0.865960036,1.2831
0.07.21,0.127,0.21,2.074150807,0.24897,2.725,6.141560541,1.67130287,0.865960036,1.2831
0.07.22,0.127,0.21,2.074150807,0.24897,2.725,6.141560541,1.67130287,0.865960036,1.2831
0.07.23,0.127,0.21,2.074150807,0.24897,2.725,6.141560541,1.67130287,0.865960036,1.2831
0.07.24,0.127,0.21,2.074150807,0.24897,2.725,6.141560541,1.67130287,0.865960036,1.2831
0.07.25,0.127,0.21,2.074150807,0.24897,2.725,6.141560541,1.67130287,0.865960036,1.2831
0.07.26,0.127,0.21,2.074150807,0.24897,2.725,6.141560541,1.67130287,0.865960036,1.2831
0.07.27,0.127,0.21,2.074150807,0.24897,2.725,6.141560541,1.67130287,0.865960036,1.2831
0.07.28,0.127,0.21,2.074150807,0.24897,2.725,6.141560541,1.67130287,0.865960036,1.2831
0.07.29,0.127,0.21,2.074150807,0.24897,2.725,6.141560541,1.67130287,0.865960036,1.2831
0.07.30,0.127,0.21,2.074150807,0.24897,2.725,6.141560541,1.67130287,0.865960036,1.2831
0.07.31,0.127,0.21,2.074150807,0.24897,2.725,6.141560541,1.67130287,0.865960036,1.2831
0.07.32,0.127,0.21,2.074150807,0.24897,2.725,6.141560541,1.67130287,0.865960036,1.2831
0.07.33,0.127,0.21,2.074150807,0.24897,2.725,6.141560541,1.67130287,0.865960036,1.2831
0.07.34,0.127,0.21,2.074150807,0.24897,2.725,6.141560541,1.67130287,0.865960036,1.2831
0.07.35,0.127,0.21,2.074150807,0.24897,2.725,6.141560541,1.67130287,0.865960036,1.2831
0.07.36,0.127,0.21,2.074150807,0.24897,2.725,6.141560541,1.67130287,0.865960036,1.2831
0.07.37,0.127,0.21,2.074150807,0.24897,2.725,6.141560541,1.67130287,0.865960036,1.2831
0.07.38,0.127,0.21,2.074150807,0.24897,2.725,6.141560541,1.67130287,0.865960036,1.2831
0.07.39,0.127,0.21,2.074150807,0.24897,2.725,6.141560541,1.67130287,0.865960036,1.2831
0.07.40,0.127,0.21,2.074150807,0.24897,2.725,6.141560541,1.67130287,0.865960036,1.2831
0.07.41,0.127,0.21,2.074150807,0.24897,2.725,6.141560541,1.67130287,0.865960036,1.2831
0.07.42,0.127,0.21,2.074150807,0.24897,2.725,6.141560541,1.67130287,0.865960036,1.2831
0.07.43,0.127,0.21,2.074150807,0.24897,2.725,6.141560541,1.67130287,0.865960036,1.2831
0.07.44,0.127,0.21,2.074150807,0.24897,2.725,6.141560541,1.67130287,0.865960036,1.2831
0.07.45,0.127,0.21,2.074150807,0.24897,2.725,6.141560541,1.67130287,0.865960036,1.2831
0.07.46,0.127,0.21,2.074150807,0.24897,2.725,6.141560541,1.67130287,0.865960036,1.2831
0.07.47,0.127,0.21,2.074150807,0.24897,2.725,6.141560541,1.67130287,0.865960036,1.2831
0.07.48,0.127,0.21,2.074150807,0.24897,2.725,6.141560541,1.67130287,0.865960036,1.2831
0.07.49,0.127,0.21,2.074150807,0.24897,2.725,6.141560541,1.67130287,0.865960036,1.2831
0.07.50,0.127,0.21,2.074150807,0.24897,2.725,6.141560541,1.67130287,0.865960036,1.2831
0.07.51,0.127,0.21,2.074150807,0.24897,2.725,6.141560541,1.67130287,0.865960036,1.2831
0.07.52,0.127,0.21,2.074150807,0.24897,2.725,6.141560541,1.67130287,0.865960036,1.2831
0.07.53,0.127,0.21,2.074150807,0.24897,2.725,6.141560541,1.67130287,0.865960036,1.2831
0.07.54,0.127,0.21,2.074150807,0.24897,2.725,6.141560541,1.67130287,0.865960036,1.2831
0.07.55,0.127,0.21,2.074150807,0.24897,2.725,6.141560541,1.67130287,0.865960036,1.2831
0.07.56,0.127,0.21,2.074150807,0.24897,2.725,6.141560541,1.67130287,0.865960036,1.2831
0.07.57,0.127,0.21,2.074150807,0.24897,2.725,6.141560541,1.67130287,0.865960036,1.2831
0.07.58,0.127,0.21,2.074150807,0.24897,2.725,6.141560541,1.67130287,0.865960036,1.2831
0.07.59,0.127,0.21,2.074150807,0.24897,2.725,6.141560541,1.67130287,0.865960036,1.2831
0.07.60,0.127,0.21,2.074150807,0.24897,2.725,6.141560541,1.67130287,0.865960036,1.2831
0.07.61,0.127,0.21,2.074150807,0.24897,2.725,6.141560541,1.67130287,0.865960036,1.2831
0.07.62,0.127,0.21,2.074150807,0.24897,2.725,6.141560541,1.67130287,0.865960036,1.2831
0.07.63,0.127,0.21,2.074150807,0.24897,2.725,6.141560541,1.67130287,0.865960036,1.2831
0.07.64,0.127,0.21,2.074150807,0.24897,2.725,6.141560541,1.67130287,0.865960036,1.2831
0.07.65,0.127,0.21,2.074150807,0.24897,2.725,6.141560541,1.67130287,0.865960036,1.2831
0.07.66,0.127,0.21,2.074150807,0.24897,2.725,6.141560541,1.67130287,0.865960036,1.2831
0.07.67,0.127,0.21,2.074150807,0.24897,2.725,6.141560541,1.67130287,0.865960036,1.2831
0.07.68,0.127,0.21,2.074150807,0.24897,2.725,6.141560541,1.67130287,0.865960036,1.2831
0.07.69,0.127,0.21,2.074150807,0.24897,2.725,6.141560541,1.67130287,0.865960036,1.2831
0.07.70,0.127,0.21,2.074150807,0.24897,2.725,6.141560541,1.67130287,0.865960036,1.2831
0.07.71,0.127,0.21,2.074150807,0.24897,2.725,6.141560541,1.67130287,0.865960036,1.2831
0.07.72,0.127,0.21,2.074150807,0.24897,2.725,6.141560541,1.67130287,0.865960036,1.2831
0.07.73,0.127,0.21,2.074150807,0.24897,2.725,6.141560541,1.67130287,0.865960036,1.2831
0.07.74,0.127,0.21,2.074150807,0.24897,2.725,6.141560541,1.67130287,0.865960036,1.2831
0.07.75,0.127,0.21,2.074150807,0.24897,2.725,6.141560541,1.67130287,0.865960036,1.2831
0.07.76,0.127,0.21,2.074150807,0.24897,2.725,6.141560541,1.67130287,0.865960036,1.2831
0.07.77,0.127,0.21,2.074150807,0.24897,2.725,6.141560541,1.67130287,0.865960036,1.2831
0.07.78,0.127,0.21,2.074150807,0.24897,2.725,6.141560541,1.67130287,0.865960036,1.2831
0.07.79,0.127,0.21,2.074150807,0.24897,2.725,6.141560541,1.67130287,0.865960036,1.2831
0.07.80,0.127,0.21,2.074150807,0.24897,2.725,6.141560541,1.67130287,0.865960036,1.2831
0.07.81,0.127,0.21,2.074150807,0.24897,2.725,6.141560541,1.67130287,0.865960036,1.2831
0.07.82,0.127,0.21,2.074150807,0.24897,2.725,6.141560541,1.67130287,0.865960036,1.2831
0.07.83,0.127,0.21,2.074150807,0.24897,2.725,6.141560541,1.67130287,0.865960036,1.2831
0.07.84,0.127,0.21,2.074150807,0.24897,2.725,6.141560541,1.67130287,0.865960036,1.2831
0.07.85,0.127,0.21,2.074150807,0.24897,2.725,6.141560541,1.67130287,0.865960036,1.2831
0.07.86,0.127,0.21,2.074150807,0.24897,2.725,6.141560541,1.67130287,0.865960036,1.2831
0.07.87,0.127,0.21,2.074150807,0.24897,2.725,6.141560541,1.67130287,0.865960036,1.2831
0.07.88,0.127,0.21,2.074150807,0.24897,2.725,6.141560541,1.67130287,0.865960036,1.2831
0.07.89,0.127,0.21,2.074150807,0.24897,2.725,6.141560541,1.67130287,0.865960036,1.2831
0.07.90,0.127,0.21,2.074150807,0.24897,2.725,6.141560541,1.67130287,0.865960036,1.2831
0.07.91,0.127,0.21,2.074150807,0.24897,2.725,6.141560541,1.67130287,0.865960036,1.2831
0.07.92,0.127,0.21,2.074150807,0.24897,2.725,6.141560541,1.67130287,0.865960036,1.2831
0.07.93,0.127,0.21,2.074150807,0.24897,2.725,6.141560541,1.67130287,0.865960036,1.2831
0.07.94,0.127,0.21,2.074150807,0.24897,2.725,6.141560541,1.67130287,0.865960036,1.2831
0.07.95,0.127,0.21,2.074150807,0.24897,2.725,6.141560541,1.67130287,0.865960036,1.2831
0.07.96,0.127,0.21,2.074150807,0.24897,2.725,6.141560541,1.67130287,0.865960036,1.2831
0.07.97,0.127,0.21,2.074150807,0.24897,2.725,6.141560541,1.67130287,0.865960036,1.2831
0.07.98,0.127,0.21,2.074150807,0.24897,2.725,6.141560541,1.67130287,0.865960036,1.2831
0.07.99,0.127,0.21,2.074150807,0.24897,2.725,6.141560541,1.67130287,0.865960036,1.2831
0.08.00,0.127,0.21,2.074150807,0.24897,2.725,6.141560541,1.67130287,10,1.2831
0.08.01,0.127,0.21,2.074150807,0.24897,2.725,6.141560541,1.67130287,0.865960036,1.2831
0.08.02,0.127,0.21,2.074150807,0.24897,2.725,6.141560541,1.67130287,0.865960036,1.2831
0.08.03,0.127,0.21,2.074150807,0.24897,2.725,6.141560541,1.67130287,0.865960036,1.2831
0.08.04,0.127,0.21,2.074150807,0.24897,2.725,6.141560541,1.67130287,0.865960036,1.2831
0.08.05,0.127,0.21,2.074150807,0.24897,2.725,6.141560541,1.67130287,0.865960036,1.2831
0.08.06,0.127,0.21,2.074150807,0.24897,2.725,6.141560541,1.67130287,0.865960036,1.2831
0.08.07,0.127,0.21,2.074150807,0.24897,2.725,6.141560541,1.67130287,0.865960036,1.2831
0.08.08,0.127,0.21,2.074150807,0.24897,2.725,6.141560541,1.67130287,0.865960036,1.2831
0.08.09,0.127,0.21,2.074150807,0.24897,2.725,6.141560541,1.67130287,0.865960036,1.2831
0.08.10,0.127,0.21,2.074150807,0.24897,2.725,6.141560541,1.67130287,0.865960036,1.2831
0.08.11,0.127,0.21,2.074150807,0.24897,2.725,6.141560541,1.67130287,0.865960036,1.2831
0.08.12,0.127,0.21,2.074150807,0.24897,2.725,6.141560541,1.67130287,0.865960036,1.2831
0.08.13,0.127,0.21,2.074150807,0.24897,2.725,6.141560541,1.67130287,0.865960036,1.2831
0.08.14,0.127,0.21,2.074150807,0.24897,2.725,6.141560541,1.67130287,0.865960036,1.2831
0.08.15,0.127,0.21,2.074150807,0.24897,2.725,6.141560541,1.67130287,0.865960036,1.2831
0.08.16,0.127,0.21,2.074150807,0.24897,2.725,6.141560541,1.67130287,0.865960036,1.2831
0.08.17,0.127,0.21,2.074150807,0.24897,2.725,6.141560541,1.67130287,0.865960036,1.2831
0.08.18,0.127,0.21,2.074150807,0.24897,2.725,6.141560541,1.67130287,0.865960036,1.2831
0.08.19,0.127,0.21,2.074150807,0.24897,2.725,6.141560541,1.67130287,0.865960036,1.2831
0.08.20,0.127,0.21,2.074150807,0.24897,2.725,6.141560541,1.67130287,0.865960036,1.2831
0.08.21,0.127,0.21,2.074150807,0.24897,2.725,6.141560541,1.67130287,0.865960036,1.2831
0.08.22,0.127,0.21,2.074150807,0.24897,2.725,6.141560541,1.67130287,0.865960036,1.2831
0.08.23,0.127,0.21,2.074150807,0.24897,2.725,6.141560541,1.67130287,0.865960036,1.2831
0.08.24,0.127,0.21,2.074150807,0.24897,2.725,6.141560541,1.67130287,0.865960036,1.2831
0.08.25,0.127,0.21,2.074150807,0.24897,2.725,6.141560541,1.67130287,0.865960036,1.2831
0.08.26,0.127,0.21,2.074150807,0.24897,2.725,6.141560541,1.67130287,0.865960036,1.2831
0.08.27,0.127,0.21,2.074150807,0.24897,2.725,6.141560541,1.67130287,0.865960036,1.2831
0.08.28,0.127,0.21,2.074150807,0.24897,2.725,6.141560541,1.67130287,0.865960036,1.2831
0.08.29,0.127,0.21,2.074150807,0.24897,2.725,6.141560541,1.67130287,0.865960036,1.2831
0.08.30,0.127,0.21,2.074150807,0.24897,2.725,6.141560541,1.67130287,0.865960036,1.2831
0.08.31,0.127,0.21,2.074150807,0.24897,2.725,6.141560541,1.67130287,0.865960036,1.2831
0.08.32,0.127,0.21,2.074150807,0.24897,2.725,6.141560541,1.67130287,0.865960036,1.2831
0.08.33,0.127,0.21,2.074150807,0.24897,2.725,6.141560541,1.67130287,0.865960036,1.2831
0.08.34,0.127,0.21,2.074150807,0.24897,2.725,6.141560541,1.67130287,0.865960036,1.2831
0.08.35,0.127,0.21,2.074150807,0.24897,2.725,6.141560541,1.67130287,0.865960036,1.2831
0.08.36,0.127,0.21,2.074150807,0.24897,2.725,6.141560541,1.67130287,0.865960036,1.2831
0.08.37,0.127,0.21,2.074150807,0.24897,2.725,6.141560541,1.67130287,0.865960036,1.2831
0.08.38,0.127,0.21,2.074150807,0.24897,2.725,6.141560541,1.67130287,0.865960036,1.2831
0.08.39,0.127,0.21,2.074150807,0.24897,2.725,6.141560541,1.67130287,0.865960036,1.2831
0.08.40,0.127,0.21,2.074150807,0.24897,2.725,6.141560541,1.67130287,0.865960036,1.2831
0.08.41,0.127,0.21,2.074150807,0.24897,2.725,6.141560541,1.67130287,0.865960036,1.2831
0.08.42,0.127,0.21,2.074150807,0.24897,2.725,6.141560541,1.67130287,0.865960036,1.2831
0.08.43,0.127,0.21,2.074150807,0.24897,2.725,6.141560541,1.67130287,0.865960036,1.2831
0.08.44,0.127,0.21,2.074150807,0.24897,2.725,6.141560541,1.67130287,0.865960036,1.2831
0.08.45,0.127,0.21,2.074150807,0.24897,2.725,6.141560541,1.67130287,0.865960036,1.2831
0.08.46,0.127,0.21,2.074150807,0.24897,2.725,6.141560541,1.67130287,0.865960036,1.2831
0.08.47,0.127,0.21,2.074150807,0.24897,2.725,6.141560541,1.67130287,0.865960036,1.2831
0.08.48,0.127,0.21,2.074150807,0.24897,2.725,6.141560541,1.67130287,0.865960036,1.2831
0.08.49,0.127,0.21,2.074150807,0.24897,2.725,6.141560541,1.67130287,0.865960036,1.2831
0.08.50,0.127,0.21,2.074150807,0.24897,2.725,6.141560541,1.67130287,0.865960036,1.2831
0.08.51,0.127,0.21,2.074150807,0.24897,2.725,6.141560541,1.67130287,0.865960036,1.2831
0.08.52,0.127,0.21,2.074150807,0.24897,2.725,6.141560541,1.67130287,0.865960036,1.2831
0.08.53,0.127,0.21,2.074150807,0.24897,2.725,6.141560541,1.67130287,0.865960036,1.2831
0.08.54,0.127,0.21,2.074150807,0.24897,2.725,6.141560541,1.67130287,0.865960036,1.2831
0.08.55,0.127,0.21,2.074150807,0.24897,2.725,6.141560541,1.67130287,0.865960036,1.2831
0.08.56,0.127,0.21,2.074150807,0.24897,2.725,6.141560541,1.67130287,0.865960036,1.2831
0.08.57,0.127,0.21,2.074150807,0.24897,2.725,6.141560541,1.67130287,0.865960036,1.2831
0.08.58,0.127,0.21,2.074150807,0.24897,2.725,6.141560541,1.67130287,0.865960036,1.2831
0.08.59,0.127,0.21,2.074150807,0.24897,2.725,6.141560541,1.67130287,0.865960036,1.2831
0.08.60,0.127,0.21,2.074150807,0.24897,2.725,6.141560541,1.67130287,0.865960036,1.2831
0.08.61,0.127,0.21,2.074150807,0.24897,2.725,6.141560541,1.67130287,0.865960036,1.2831
0.08.62,0.127,0.21,2.074150807,0.24897,2.725,6.141560541,1.67130287,0.865960036,1.2831
0.08.63,0.127,0.21,2.074150807,0.24897,2.725,6.141560541,1.67130287,0.865960036,1.2831
0.08.64,0.127,0.21,2.074150807,0.24897,2.725,6.141560541,1.67130287,0.865960036,1.2831
0.08.65,0.127,0.21,2.074150807,0.24897,2.725,6.141560541,1.67130287,0.865960036,1.2831
0.08.66,0.127,0.21,2.074150807,0.24897,2.725,6.141560541,1.67130287,0.865960036,1.2831
0.08.67,0.127,0.21,2.074150807,0.24897,2.725,6.141560541,1.67130287,0.865960036,1.2831
0.08.68,0.127,0.21,2.074150807,0.24897,2.725,6.141560541,1.67130287,0.865960036,1.2831
0.08.69,0.127,0.21,2.074150807,0.24897,2.725,6.141560541,1.67130287,0.865960036,1.2831
0.08.70,0.127,0.21,2.074150807,0.24897,2.725,6.141560541,1.67130287,0.865960036,1.2831
0.08.71,0.127,0.21,2.074150807,0.24897,2.725,6.141560541,1.67130287,0.865960036,1.2831
0.08.72,0.127,0.21,2.074150807,0.24897,2.725,6.141560541,1.67130287,0.865960036,1.2831
0.08.73,0.127,0.21,2.074150807,0.24897,2.725,6.141560541,1.67130287,0.865960036,1.2831
0.08.74,0.127,0.21,2.074150807,0.24897,2.725,6.141560541,1.67130287,0.865960036,1.2831
0.08.75,0.127,0.21,2.074150807,0.24897,2.725,6.141560541,1.67130287,0.865960036,1.2831
0.08.76,0.127,0.21,2.074150807,0.24897,2.725,6.141560541,1.67130287,0.865960036,1.2831
0.08.77,0.127,0.21,2.074150807,0.24897,2.725,6.141560541,1.67130287,0.865960036,1.2831
0.08.78,0.127,0.21,2.074150807,0.24897,2.725,6.141560541,1.67130287,0.865960036,1.2831
0.08.79,0.127,0.21,2.074150807,0.24897,2.725,6.141560541,1.67130287,0.865960036,1.2831
0.08.80,0.127,0.21,2.074150807,0.24897,2.725,6.141560541,1.67130287,0.865960036,1.2831
0.08.81,0.127,0.21,2.074150807,0.24897,2.725,6.141560541,1.67130287,0.865960036,1.2831
0.08.82,0.127,0.21,2.074150807,0.24897,2.725,6.141560541,1.67130287,0.865960036,1.2831
0.08.83,0.127,0.21,2.074150807,0.24897,2.725,6.141560541,1.67130287,0.865960036,1.2831
0.08.84,0.127,0.21,2.074150807,0.24897,2.725,6.141560541,1.67130287,0.865960036,1.2831
0.08.85,0.127,0.21,2.074150807,0.24897,2.725,6.141560541,1.67130287,0.865960036,1.2831
0.08.86,0.127,0.21,2.074150807,0.24897,2.725,6.141560541,1.67130287,0.865960036,1.2831
0.08.87,0.127,0.21,2.074150807,0.24897,2.725,6.141560541,1.67130287,0.865960036,1.2831
0.08.88,0.127,0.21,2.074150807,0.24897,2.725,6.141560541,1.67130287,0.865960036,1.2831
0.08.89,0.127,0.21,2.074150807,0.24897,2.725,6.141560541,1.67130287,0.865960036,1.2831
0.08.90,0.127,0.21,2.074150807,0.24897,2.725,6.141560541,1.67130287,0.865960036,1.2831
0.08.91,0.127,0.21,2.074150807,0.24897,2.725,6.141560541,1.67130287,0.865960036,1.2831
0.08.92,0.127,0.21,2.074150807,0.24897,2.725,6.141560541,1.67130287,0.865960036,1.2831
0.08.93,0.127,0.21,2.074150807,0.24897,2.725,6.141560541,1.67130287,0.865960036,1.2831
0.08.94,0.127,0.21,2.074150807,0.24897,2.725,6.141560541,1.67130287,0.865960036,1.2831
0.08.95,0.127,0.21,2.074150807,0.24897,2.725,6.141560541,1.67130287,0.865960036,1.2831
0.08.96,0.127,0.21,2.074150807,0.24897,2.725,6.141560541,1.67130287,0.865960036,1.2831
0.08.97,0.127,0.21,2.074150807,0.24897,2.725,6.141560541,1.67130287,0.865960036,1.2831
0.08.98,0.127,0.21,2.074150807,0.24897,2.725,6.141560541,1.67130287,0.865960036,1.2831
0.08.99,0.127,0.21,2.074150807,0.24897,2.725,6.141560541,1.67130287,0.865960036,1.2831
0.09.00,0.127,0.21,2.074150807,0.24897,2.725,6.141560541,1.67130287,0.865960036,1.2831
0.09.01,0.127,0.21,2.074150807,0.24897,2.725,6.141560541,1.67130287,0.865960036,1.2831
0.09.02,0.127,0.21,2.074150807,0.24897,2.725,6.141560541,1.67130287,0.865960036,1.2831
0.09.03,0.127,0.21,2.074150807,0.24897,2.725,6.141560541,1.67130287,0.865960036,1.2831
0.09.04,0.127,0.21,2.074150807,0.24897,2.725,6.141560541,1.67130287,0.865960036,1.2831
0.09.05,0.127,0.21,2.074150807,0.24897,2.725,6.141560541,1.67130287,0.865960036,1.2831
0.09.06,0.127,0.21,2.074150807,0.24897,2.725,6.141560541,1.67130287,0.865960036,1.2831
0.09.07,0.127,0.21,2.074150807,0.24897,2.725,6.141560541,1.67130287,0.865960036,1.2831
0.09.08,0.127,0.21,2.074150807,0.24897,2.725,6.141560541,1.67130287,0.865960036,1.2831
0.09.09,0.127,0.21,2.074150807,0.24897,2.725,6.141560541,1.67130287,0.865960036,1.2831
0.09.10,0.127,0.21,2.074150807,0.24897,2.725,6.141560541,1.67130287,0.865960036,1.2831
0.09.11,0.127,0.21,2.074150807,0.24897,2.725,6.141560541,1.67130287,0.865960036,1.2831
0.09.12,0.127,0.21,2.074150807,0.24897,2.725,6.141560541,1.67130287,0.865960036,1.2831
0.09.13,0.127,0.21,2.074150807,0.24897,2.725,6.141560541,1.67130287,0.865960036,1.2831
0.09.14,0.127,0.21,2.074150807,0.24897,2.725,6.141560541,1.67130287,0.865960036,1.2831
0.09.15,0.127,0.21,2.074150807,0.24897,2.725,6.141560541,1.67130287,0.865960036,1.2831
0.09.16,0.127,0.21,2.074150807,0.24897,2.725,6.141560541,1.67130287,0.865960036,1.2831
0.09.17,0.127,0.21,2.074150807,0.24897,2.725,6.141560541,1.67130287,0.865960036,1.2831
0.09.18,0.127,0.21,2.074150807,0.24897,2.725,6.141560541,1.67130287,0.865960036,1.2831
0.09.19,0.127,0.21,2.074150807,0.24897,2.725,6.141560541,1.67130287,0.865960036,1.2831
0.09.20,0.127,0.21,2.074150807,0.24897,2.725,6.141560541,1.67130287,0.865960036,1.2831
0.09.21,0.127,0.21,2.074150807,0.24897,2.725,6.141560541,1.67130287,0.865960036,1.2831
0.09.22,0.127,0.21,2.074150807,0.24897,2.725,6.141560541,1.67130287,0.865960036,1.2831
0.09.23,0.127,0.21,2.074150807,0.24897,2.725,6.141560541,1.67130287,0.865960036,1.2831
0.09.24,0.127,0.21,2.074150807,0.24897,2.725,6.141560541,1.67130287,0.865960036,1.2831
0.09.25,0.127,0.21,2.074150807,0.24897,2.725,6.141560541,1.67130287,0.865960036,1.2831
0.09.26,0.127,0.21,2.074150807,0.24897,2.725,6.141560541,1.67130287,0.865960036,1.2831
0.09.27,0.127,0.21,2.074150807,0.24897,2.725,6.141560541,1.67130287,0.865960036,1.2831
0.09.28,0.127,0.21,2.074150807,0.24897,2.725,6.141560541,1.67130287,0.865960036,1.2831
0.09.29,0.127,0.21,2.074150807,0.24897,2.725,6.141560541,1.67130287,0.865960036,1.2831
0.09.30,0.127,0.21,2.074150807,0.24897,2.725,6.141560541,1.67130287,0.865960036,1.2831
0.09.31,0.127,0.21,2.074150807,0.24897,2.725,6.141560541,1.67130287,0.865960036,1.2831
0.09.32,0.127,0.21,2.074150807,0.24897,2.725,6.141560541,1.67130287,0.865960036,1.2831
0.09.33,0.127,0.21,2.074150807,0.24897,2.725,6.141560541,1.67130287,0.865960036,1.2831
0.09.34,0.127,0.21,2.074150807,0.24897,2.725,6.141560541,1.67130287,0.865960036,1.2831
0.09.35,0.127,0.21,2.074150807,0.24897,2.725,6.141560541,1.67130287,0.865960036,1.2831
0.09.36,0.127,0.21,2.074150807,0.24897,2.725,6.141560541,1.67130287,0.865960036,1.2831
0.09.37,0.127,0.21,2.074150807,0.24897,2.725,6.141560541,1.67130287,0.865960036,1.2831
0.09.38,0.127,0.21,2.074150807,0.24897,2.725,6.141560541,1.67130287,0.865960036,1.2831
0.09.39,0.127,0.21,2.074150807,0.24897,2.725,6.141560541,1.67130287,0.865960036,1.2831
0.09.40,0.127,0.21,2.074150807,0.24897,2.725,6.141560541,1.67130287,0.865960036,1.2831
0.09.41,0.127,0.21,2.074150807,0.24897,2.725,6.141560541,1.67130287,0.865960036,1.2831
0.09.42,0.127,0.21,2.074150807,0.24897,2.725,6.141560541,1.67130287,0.865960036,1.2831
0.09.43,0.127,0.21,2.074150807,0.24897,2.725,6.141560541,1.67130287,0.865960036,1.2831
0.09.44,0.127,0.21,2.074150807,0.24897,2.725,6.141560541,1.67130287,0.865960036,1.2831
0.09.45,0.127,0.21,2.074150807,0.24897,2.725,6.141560541,1.67130287,0.865960036,1.2831
0.09.46,0.127,0.21,2.074150807,0.24897,2.725,6.141560541,1.67130287,0.865960036,1.2831
0.09.47,0.127,0.21,2.074150807,0.24897,2.725,6.141560541,1.67130287,0.865960036,1.2831
0.09.48,0.127,0.21,2.074150807,0.24897,2.725,6.141560541,1.67130287,0.865960036,1.2831
0.09.49,0.127,0.21,2.074150807,0.24897,2.725,6.141560541,1.67130287,0.865960036,1.2831
0.09.50,0.127,0.21,2.074150807,0.24897,2.725,6.141560541,1.67130287,10,1.2831
0.09.51,0.127,0.21,2.074150807,0.24897,2.725,6.141560541,1.67130287,0.865960036,1.2831
0.09.52,0.127,0.21,2.074150807,0.24897,2.725,6.141560541,1.67130287,0.865960036,1.2831
0.09.53,0.127,0.21,2.074150807,0.24897,2.725,6.141560541,1.67130287,0.865960036,1.2831
0.09.54,0.127,0.21,2.074150807,0.24897,2.725,6.141560541,1.67130287,0.865960036,1.2831
0.09.55,0.127,0.21,2.074150807,0.24897,2.725,6.141560541,1.67130287,0.865960036,1.2831
0.09.56,0.127,0.21,2.074150807,0.24897,2.725,6.141560541,1.67130287,0.865960036,1.2831
0.09.57,0.127,0.21,2.074150807,0.24897,2.725,6.141560541,1.67130287,0.865960036,1.2831
0.09.58,0.127,0.21,2.074150807,0.24897,2.725,6.141560541,1.67130287,0.865960036,1.2831
0.09.59,0.127,0.21,2.074150807,0.24897,2.725,6.141560541,1.67130287,0.865960036,1.2831
0.09.60,0.127,0.21,2.074150807,0.24897,2.725,6.141560541,1.67130287,0.865960036,1.2831
0.09.61,0.127,0.21,2.074150807,0.24897,2.725,6.141560541,1.67130287,0.865960036,1.2831
0.09.62,0.127,0.21,2.074150807,0.24897,2.725,6.141560541,1.67130287,0.865960036,1.2831
0.09.63,0.127,0.21,2.074150807,0.24897,2.725,6.141560541,1.67130287,0.865960036,1.2831
0.09.64,0.127,0.21,2.074150807,0.24897,2.725,6.141560541,1.67130287,0.865960036,1.2831
0.09.65,0.127,0.21,2.074150807,0.24897,2.725,6.141560541,1.67130287,0.865960036,1.2831
0.09.66,0.127,0.21,2.074150807,0.24897,2.725,6.141560541,1.67130287,0.865960036,1.2831
0.09.67,0.127,0.21,2.074150807,0.24897,2.725,6.141560541,1.67130287,0.865960036,1.2831
0.09.68,0.127,0.21,2.074150807,0.24897,2.725,6.141560541,1.67130287,0.865960036,1.2831
0.09.69,0.127,0.21,2.074150807,0.24897,2.725,6.141560541,1.67130287,0.865960036,1.2831
0.09.70,0.127,0.21,2.074150807,0.24897,2.725,6.141560541,1.67130287,0.865960036,1.2831
0.09.71,0.127,0.21,2.074150807,0.24897,2.725,6.141560541,1.67130287,0.865960036,1.2831
0.09.72,0.127,0.21,2.074150807,0.24897,2.725,6.141560541,1.67130287,0.865960036,1.2831
0.09.73,0.127,0.21,2.074150807,0.24897,2.725,6.141560541,1.67130287,0.865960036,1.2831
0.09.74,0.127,0.21,2.074150807,0.24897,2.725,6.141560541,1.67130287,0.865960036,1.2831
0.09.75,0.127,0.21,2.074150807,0.24897,2.725,6.141560541,1.67130287,0.865960036,1.2831
0.09.76,0.127,0.21,2.074150807,0.24897,2.725,6.141560541,1.67130287,0.865960036,1.2831
0.09.77,0.127,0.21,2.074150807,0.24897,2.725,6.141560541,1.67130287,0.865960036,1.2831
0.09.78,0.127,0.21,2.074150807,0.24897,2.725,6.141560541,1.67130287,0.865960036,1.2831
0.09.79,0.127,0.21,2.074150807,0.24897,2.725,6.141560541,1.67130287,0.865960036,1.2831
0.09.80,0.127,0.21,2.074150807,0.24897,2.725,6.141560541,1.67130287,0.865960036,1.2831
0.09.81,0.127,0.21,2.074150807,0.24897,2.725,6.141560541,1.67130287,0.865960036,1.2831
0.09.82,0.127,0.21,2.074150807,0.24897,2.725,6.141560541,1.67130287,0.865960036,1.2831
0.09.83,0.127,0.21,2.074150807,0.24897,2.725,6.141560541,1.67130287,0.865960036,1.2831
0.09.84,0.127,0.21,2.074150807,0.24897,2.725,6.141560541,1.67130287,0.865960036,1.2831
0.09.85,0.127,0.21,2.074150807,0.24897,2.725,6.141560541,1.67130287,0.865960036,1.2831
0.09.86,0.127,0.21,2.074150807,0.24897,2.725,6.141560541,1.67130287,0.865960036,1.2831
0.09.87,0.127,0.21,2.074150807,0.24897,2.725,6.141560541,1.67130287,0.865960036,1.2831
0.09.88,0.127,0.21,2.074150807,0.24897,2.725,6.141560541,1.67130287,0.865960036,1.2831
0.09.89,0.127,0.21,2.074150807,0.24897,2.725,6.141560541,1.67130287,0.865960036,1.2831
0.09.90,0.127,0.21,2.074150807,0.24897,2.725,6.141560541,1.67130287,0.865960036,1.2831
0.09.91,0.127,0.21,2.074150807,0.24897,2.725,6.141560541,1.67130287,0.865960036,1.2831
0.09.92,0.127,0.21,2.074150807,0.24897,2.725,6.141560541,1.67130287,0.865960036,1.2831
0.09.93,0.127,0.21,2.074150807,0.24897,2.725,6.141560541,1.67130287,0.865960036,1.2831
0.09.94,0.127,0.21,2.074150807,0.24897,2.725,6.141560541,1.67130287,0.865960036,1.2831
0.09.95,0.127,0.21,2.074150807,0.24897,2.725,6.141560541,1.67130287,0.865960036,1.2831
0.09.96,0.127,0.21,2.074150807,0.24897,2.725,6.141560541,1.67130287,0.865960036,1.2831
0.09.97,0.127,0.21,2.074150807,0.24897,2.725,6.141560541,1.67130287,0.865960036,1.2831
0.09.98,0.127,0.21,2.074150807,0.24897,2.725,6.141560541,1.67130287,0.865960036,1.2831